py37 create: /workspace/Blackout_server/.tox/py37
py37 installdeps: python-subunit, junitxml, coverage, coverage-enable-subprocess==1.0, setuptools>=18.5, pip>=10
py37 develop-inst: /workspace/Blackout_server
ERROR: invocation failed (exit code 1), logfile: /workspace/Blackout_server/.tox/py37/log/py37-2.log
================================== log start ===================================
Obtaining file:///workspace/Blackout_server
  Installing build dependencies: started
  Installing build dependencies: finished with status 'done'
  Checking if build backend supports build_editable: started
  Checking if build backend supports build_editable: finished with status 'done'
  Getting requirements to build editable: started
  Getting requirements to build editable: finished with status 'done'
  Preparing editable metadata (pyproject.toml): started
  Preparing editable metadata (pyproject.toml): finished with status 'done'
Collecting pyasn1-modules>=0.0.7
  Downloading pyasn1_modules-0.3.0-py2.py3-none-any.whl (181 kB)
     ━━━━━━━━━━━━━━━━━━━━━━━━━━━━━━━━━━━━━━ 181.3/181.3 kB 11.7 MB/s eta 0:00:00
Collecting packaging>=20.0
  Downloading packaging-24.0-py3-none-any.whl (53 kB)
     ━━━━━━━━━━━━━━━━━━━━━━━━━━━━━━━━━━━━━━━━ 53.5/53.5 kB 5.2 MB/s eta 0:00:00
Collecting matrix-common<2.0.0,>=1.3.0
  Using cached matrix_common-1.3.0-py3-none-any.whl (11 kB)
Collecting Jinja2>=3.0
  Using cached jinja2-3.1.6-py3-none-any.whl (134 kB)
Collecting setuptools_rust>=1.3
  Using cached setuptools_rust-1.7.0-py3-none-any.whl (25 kB)
Collecting typing-extensions>=3.10.0.1
  Using cached typing_extensions-4.7.1-py3-none-any.whl (33 kB)
Collecting signedjson<2.0.0,>=1.1.0
  Using cached signedjson-1.1.4-py3-none-any.whl (10 kB)
Collecting pydantic<3,>=1.7.4
  Downloading pydantic-2.5.3-py3-none-any.whl (381 kB)
     ━━━━━━━━━━━━━━━━━━━━━━━━━━━━━━━━━━━━━━ 381.9/381.9 kB 26.1 MB/s eta 0:00:00
Collecting canonicaljson<3.0.0,>=2.0.0
  Using cached canonicaljson-2.0.0-py3-none-any.whl (7.9 kB)
Collecting jsonschema>=3.0.0
  Downloading jsonschema-4.17.3-py3-none-any.whl (90 kB)
     ━━━━━━━━━━━━━━━━━━━━━━━━━━━━━━━━━━━━━━━━ 90.4/90.4 kB 16.3 MB/s eta 0:00:00
Collecting treq>=15.1
  Downloading treq-24.9.1-py3-none-any.whl (78 kB)
     ━━━━━━━━━━━━━━━━━━━━━━━━━━━━━━━━━━━━━━━━ 78.1/78.1 kB 14.7 MB/s eta 0:00:00
Collecting Twisted[tls]>=18.9.0
  Downloading twisted-23.8.0-py3-none-any.whl (3.1 MB)
     ━━━━━━━━━━━━━━━━━━━━━━━━━━━━━━━━━━━━━━━━ 3.1/3.1 MB 32.0 MB/s eta 0:00:00
Collecting pyOpenSSL>=25.1.0
  Downloading pyopenssl-25.3.0-py3-none-any.whl (57 kB)
     ━━━━━━━━━━━━━━━━━━━━━━━━━━━━━━━━━━━━━━━━ 57.3/57.3 kB 11.1 MB/s eta 0:00:00
Collecting msgpack>=0.5.2
  Downloading msgpack-1.0.5-cp37-cp37m-manylinux_2_17_x86_64.manylinux2014_x86_64.whl (299 kB)
     ━━━━━━━━━━━━━━━━━━━━━━━━━━━━━━━━━━━━━━ 299.7/299.7 kB 44.3 MB/s eta 0:00:00
Collecting PyYAML>=3.13
  Downloading PyYAML-6.0.1-cp37-cp37m-manylinux_2_17_x86_64.manylinux2014_x86_64.whl (670 kB)
     ━━━━━━━━━━━━━━━━━━━━━━━━━━━━━━━━━━━━━━ 670.1/670.1 kB 57.3 MB/s eta 0:00:00
Collecting bcrypt>=3.1.7
  Downloading bcrypt-4.2.1-cp37-abi3-manylinux_2_28_x86_64.whl (279 kB)
     ━━━━━━━━━━━━━━━━━━━━━━━━━━━━━━━━━━━━━━ 279.1/279.1 kB 41.2 MB/s eta 0:00:00
Collecting unpaddedbase64>=2.1.0
  Using cached unpaddedbase64-2.1.0-py3-none-any.whl (6.1 kB)
Collecting netaddr>=0.7.18
  Using cached netaddr-1.3.0-py3-none-any.whl (2.3 MB)
Collecting bleach>=1.4.3
  Downloading bleach-6.0.0-py3-none-any.whl (162 kB)
     ━━━━━━━━━━━━━━━━━━━━━━━━━━━━━━━━━━━━━━ 162.5/162.5 kB 29.6 MB/s eta 0:00:00
Collecting service-identity>=18.1.0
  Downloading service_identity-21.1.0-py2.py3-none-any.whl (12 kB)
Collecting pyasn1>=0.1.9
  Downloading pyasn1-0.5.1-py2.py3-none-any.whl (84 kB)
     ━━━━━━━━━━━━━━━━━━━━━━━━━━━━━━━━━━━━━━━━ 84.9/84.9 kB 16.5 MB/s eta 0:00:00
ERROR: Ignored the following versions that require a different python version: 0.4.0 Requires-Python >=3.8; 0.4.1 Requires-Python >=3.8; 0.4.2 Requires-Python >=3.8; 0.6.0 Requires-Python >=3.8; 0.6.1 Requires-Python >=3.8; 0.6.2 Requires-Python >=3.8; 0.6.3 Requires-Python >=3.8; 1.0.6 Requires-Python >=3.8; 1.0.6rc1 Requires-Python >=3.8; 1.0.7 Requires-Python >=3.8; 1.0.8 Requires-Python >=3.8; 1.1.0 Requires-Python >=3.8; 1.1.0rc1 Requires-Python >=3.8; 1.1.0rc2 Requires-Python >=3.8; 1.1.1 Requires-Python >=3.8; 1.1.1rc1 Requires-Python >=3.8; 1.1.2 Requires-Python >=3.9; 1.10.0 Requires-Python >=3.8; 1.10.1 Requires-Python >=3.8; 1.10.2 Requires-Python >=3.8; 1.11.0 Requires-Python >=3.9; 1.11.1 Requires-Python >=3.9; 1.12.0 Requires-Python >=3.9; 1.8.0 Requires-Python >=3.8; 1.8.1 Requires-Python >=3.8; 1.9.0 Requires-Python >=3.8; 10.0.0 Requires-Python >=3.8; 10.0.1 Requires-Python >=3.8; 10.1.0 Requires-Python >=3.8; 10.2.0 Requires-Python >=3.8; 10.3.0 Requires-Python >=3.8; 10.4.0 Requires-Python >=3.8; 11.0.0 Requires-Python >=3.9; 11.1.0 Requires-Python >=3.9; 11.2.1 Requires-Python >=3.9; 11.3.0 Requires-Python >=3.9; 12.0.0 Requires-Python >=3.10; 12.1.0 Requires-Python >=3.10; 12.1.1 Requires-Python >=3.10; 2.10.0 Requires-Python >=3.8; 2.10.0b1 Requires-Python >=3.8; 2.10.0b2 Requires-Python >=3.8; 2.10.1 Requires-Python >=3.8; 2.10.2 Requires-Python >=3.8; 2.10.3 Requires-Python >=3.8; 2.10.4 Requires-Python >=3.8; 2.10.5 Requires-Python >=3.8; 2.10.6 Requires-Python >=3.8; 2.11.0 Requires-Python >=3.9; 2.11.0a1 Requires-Python >=3.9; 2.11.0a2 Requires-Python >=3.9; 2.11.0b1 Requires-Python >=3.9; 2.11.0b2 Requires-Python >=3.9; 2.11.1 Requires-Python >=3.9; 2.11.10 Requires-Python >=3.9; 2.11.2 Requires-Python >=3.9; 2.11.3 Requires-Python >=3.9; 2.11.4 Requires-Python >=3.9; 2.11.5 Requires-Python >=3.9; 2.11.6 Requires-Python >=3.9; 2.11.7 Requires-Python >=3.9; 2.11.8 Requires-Python >=3.9; 2.11.9 Requires-Python >=3.9; 2.12.0 Requires-Python >=3.9; 2.12.0a1 Requires-Python >=3.9; 2.12.0b1 Requires-Python >=3.9; 2.12.1 Requires-Python >=3.9; 2.12.2 Requires-Python >=3.9; 2.12.3 Requires-Python >=3.9; 2.12.4 Requires-Python >=3.9; 2.12.5 Requires-Python >=3.9; 2.13.0b1 Requires-Python >=3.9; 2.13.0b2 Requires-Python >=3.9; 2.6.0 Requires-Python >=3.8; 2.6.0b1 Requires-Python >=3.8; 2.6.1 Requires-Python >=3.8; 2.6.2 Requires-Python >=3.8; 2.6.3 Requires-Python >=3.8; 2.6.4 Requires-Python >=3.8; 2.7.0 Requires-Python >=3.8; 2.7.0b1 Requires-Python >=3.8; 2.7.1 Requires-Python >=3.8; 2.7.2 Requires-Python >=3.8; 2.7.3 Requires-Python >=3.8; 2.7.4 Requires-Python >=3.8; 2.8.0 Requires-Python >=3.8; 2.8.0b1 Requires-Python >=3.8; 2.8.1 Requires-Python >=3.8; 2.8.2 Requires-Python >=3.8; 2.9.0 Requires-Python >=3.8; 2.9.0b1 Requires-Python >=3.8; 2.9.0b2 Requires-Python >=3.8; 2.9.1 Requires-Python >=3.8; 2.9.2 Requires-Python >=3.8; 23.1.0 Requires-Python >=3.8; 23.10.0 Requires-Python >=3.8.0; 23.10.0rc1 Requires-Python >=3.8.0; 24.1 Requires-Python >=3.8; 24.1.0 Requires-Python >=3.8; 24.10.0 Requires-Python >=3.8.0; 24.10.0rc1 Requires-Python >=3.8.0; 24.11.0 Requires-Python >=3.8.0; 24.11.0rc1 Requires-Python >=3.8.0; 24.11.0rc2 Requires-Python >=3.8.0; 24.2 Requires-Python >=3.8; 24.2.0 Requires-Python >=3.8; 24.2.0rc1 Requires-Python >=3.8.0; 24.3.0 Requires-Python >=3.8.0; 24.7.0 Requires-Python >=3.8.0; 24.7.0rc1 Requires-Python >=3.8.0; 24.7.0rc2 Requires-Python >=3.8.0; 25.0 Requires-Python >=3.8; 25.5.0 Requires-Python >=3.8.0; 25.5.0rc1 Requires-Python >=3.8.0; 26.0 Requires-Python >=3.8; 26.0.0 Requires-Python >=3.8; 26.0rc1 Requires-Python >=3.8; 26.0rc2 Requires-Python >=3.8; 26.0rc3 Requires-Python >=3.8; 4.10.0 Requires-Python >=3.8; 4.10.0rc1 Requires-Python >=3.8; 4.11.0 Requires-Python >=3.8; 4.11.0rc1 Requires-Python >=3.8; 4.12.0 Requires-Python >=3.8; 4.12.0a2 Requires-Python >=3.8; 4.12.0rc1 Requires-Python >=3.8; 4.12.1 Requires-Python >=3.8; 4.12.2 Requires-Python >=3.8; 4.13.0 Requires-Python >=3.8; 4.13.0rc1 Requires-Python >=3.8; 4.13.1 Requires-Python >=3.8; 4.13.2 Requires-Python >=3.8; 4.14.0 Requires-Python >=3.9; 4.14.0rc1 Requires-Python >=3.9; 4.14.1 Requires-Python >=3.9; 4.15.0 Requires-Python >=3.9; 4.15.0rc1 Requires-Python >=3.9; 4.18.0 Requires-Python >=3.8; 4.18.0a1 Requires-Python >=3.8; 4.18.0a10 Requires-Python >=3.8; 4.18.0a2 Requires-Python >=3.8; 4.18.0a3 Requires-Python >=3.8; 4.18.0a4 Requires-Python >=3.8; 4.18.0a5 Requires-Python >=3.8; 4.18.0a6 Requires-Python >=3.8; 4.18.0a7 Requires-Python >=3.8; 4.18.0a8 Requires-Python >=3.8; 4.18.0a9 Requires-Python >=3.8; 4.18.1 Requires-Python >=3.8; 4.18.2 Requires-Python >=3.8; 4.18.3 Requires-Python >=3.8; 4.18.4 Requires-Python >=3.8; 4.18.5 Requires-Python >=3.8; 4.18.6 Requires-Python >=3.8; 4.19.0 Requires-Python >=3.8; 4.19.1 Requires-Python >=3.8; 4.19.2 Requires-Python >=3.8; 4.20.0 Requires-Python >=3.8; 4.21.0 Requires-Python >=3.8; 4.21.1 Requires-Python >=3.8; 4.22.0 Requires-Python >=3.8; 4.23.0 Requires-Python >=3.8; 4.24.0 Requires-Python >=3.9; 4.24.1 Requires-Python >=3.9; 4.25.0 Requires-Python >=3.9; 4.25.1 Requires-Python >=3.9; 4.26.0 Requires-Python >=3.10; 4.3.0 Requires-Python >=3.8; 4.8.0 Requires-Python >=3.8; 4.8.0rc1 Requires-Python >=3.8; 4.9.0 Requires-Python >=3.8; 4.9.0rc1 Requires-Python >=3.8; 5.0.0 Requires-Python >=3.8; 6.0.2 Requires-Python >=3.8; 6.0.3 Requires-Python >=3.8; 6.1.0 Requires-Python >=3.8; 6.2.0 Requires-Python >=3.9; 6.3.0 Requires-Python >=3.10
ERROR: Could not find a version that satisfies the requirement Pillow>=10.0.1 (from blackout-server[all,test]) (from versions: 1.0, 1.1, 1.2, 1.3, 1.4, 1.5, 1.6, 1.7.0, 1.7.1, 1.7.2, 1.7.3, 1.7.4, 1.7.5, 1.7.6, 1.7.7, 1.7.8, 2.0.0, 2.1.0, 2.2.0, 2.2.1, 2.2.2, 2.3.0, 2.3.1, 2.3.2, 2.4.0, 2.5.0, 2.5.1, 2.5.2, 2.5.3, 2.6.0, 2.6.1, 2.6.2, 2.7.0, 2.8.0, 2.8.1, 2.8.2, 2.9.0, 3.0.0, 3.1.0rc1, 3.1.0, 3.1.1, 3.1.2, 3.2.0, 3.3.0, 3.3.1, 3.3.2, 3.3.3, 3.4.0, 3.4.1, 3.4.2, 4.0.0, 4.1.0, 4.1.1, 4.2.0, 4.2.1, 4.3.0, 5.0.0, 5.1.0, 5.2.0, 5.3.0, 5.4.0, 5.4.1, 6.0.0, 6.1.0, 6.2.0, 6.2.1, 6.2.2, 7.0.0, 7.1.0, 7.1.1, 7.1.2, 7.2.0, 8.0.0, 8.0.1, 8.1.0, 8.1.1, 8.1.2, 8.2.0, 8.3.0, 8.3.1, 8.3.2, 8.4.0, 9.0.0, 9.0.1, 9.1.0, 9.1.1, 9.2.0, 9.3.0, 9.4.0, 9.5.0)
ERROR: No matching distribution found for Pillow>=10.0.1

[notice] A new release of pip is available: 23.0.1 -> 24.0
[notice] To update, run: pip install --upgrade pip

=================================== log end ====================================
py38 create: /workspace/Blackout_server/.tox/py38
py38 installdeps: python-subunit, junitxml, coverage, coverage-enable-subprocess==1.0, setuptools>=18.5, pip>=10
py38 develop-inst: /workspace/Blackout_server
py38 installed: annotated-types==0.7.0,attrs==25.3.0,Authlib==1.3.2,Automat==24.8.1,bcrypt==5.0.0,# Editable Git install with no remote (blackout-server==1.98.0),-e /workspace/Blackout_server,bleach==6.1.0,canonicaljson==2.0.0,certifi==2026.2.25,cffi==1.17.1,charset-normalizer==3.4.6,constantly==23.10.4,coverage==7.6.1,coverage-enable-subprocess==1.0,cryptography==46.0.5,defusedxml==0.7.1,elementpath==4.8.0,hiredis==3.3.1,hyperlink==21.0.0,idna==3.11,ijson==3.3.0,immutabledict==4.3.1,importlib_resources==6.4.5,Incremental==24.11.0,iso8601==2.1.0,jaeger-client==4.8.0,Jinja2==3.1.6,jsonschema==4.23.0,jsonschema-specifications==2023.12.1,junitxml==0.7,ldap3==2.9.1,lxml==6.0.2,MarkupSafe==2.1.5,matrix-common==1.3.0,matrix-synapse-ldap3==0.3.0,msgpack==1.1.1,multipart==1.3.1,netaddr==1.3.0,opentracing==2.4.0,packaging==26.0,parameterized==0.9.0,phonenumbers==9.0.26,pillow==10.4.0,pkgutil_resolve_name==1.3.10,prometheus_client==0.20.0,psycopg2==2.9.10,pyasn1==0.6.3,pyasn1_modules==0.4.2,pycparser==2.23,pydantic==2.10.6,pydantic_core==2.27.2,pyicu==2.16.1,pymacaroons==0.13.0,Pympler==1.1,PyNaCl==1.6.2,pyOpenSSL==26.0.0,pysaml2==7.3.1,python-dateutil==2.9.0.post0,python-subunit==1.4.4,pytz==2026.1.post1,PyYAML==6.0.3,referencing==0.35.1,requests==2.32.4,rpds-py==0.20.1,semantic-version==2.10.0,sentry-sdk==2.55.0,service-identity==24.2.0,setuptools-rust==1.10.2,signedjson==1.1.4,six==1.17.0,sortedcontainers==2.4.0,testtools==2.7.2,threadloop==1.0.2,thrift==0.22.0,tomli==2.4.0,tornado==6.4.2,treq==25.5.0,Twisted==25.5.0,txredisapi==1.4.11,typing_extensions==4.13.2,unpaddedbase64==2.1.0,urllib3==2.2.3,webencodings==0.5.1,xmlschema==3.4.5,zipp==3.20.2,zope.interface==7.2
py38 run-test-pre: PYTHONHASHSEED='126579498'
py38 run-test: commands[0] | /usr/bin/env PYTHONPATH=/workspace/Blackout_server COVERAGE_PROCESS_START=/workspace/Blackout_server/.coveragerc /workspace/Blackout_server/.tox/py38/bin/trial tests.blackout_runtime tests.handlers tests.federation
tests.blackout_runtime.test_module_e2e
  BlackoutRuntimeModuleE2ETestCase
    test_governance_and_reputation_synapse_api_endpoints_live ...          [OK]
    test_vote_uniqueness_and_rate_limiting ...                             [OK]
tests.handlers.test_admin
  ExfiltrateData
    test_account_data ...                                                  [OK]
    test_connections ...                                                   [OK]
    test_devices ...                                                       [OK]
    test_invite ...                                                        [OK]
    test_knock ...                                                         [OK]
    test_media_ids ...                                                     [OK]
    test_profile ...                                                       [OK]
    test_single_left_rejoined_private_room ...                             [OK]
    test_single_left_room ...                                              [OK]
    test_single_private_joined_room ...                                    [OK]
    test_single_public_joined_room ...                                     [OK]
tests.handlers.test_appservice
  AppServiceHandlerTestCase
    test_get_3pe_protocols_multiple_info ...                               [OK]
    test_get_3pe_protocols_multiple_protocol ...                           [OK]
    test_get_3pe_protocols_no_appservices ...                              [OK]
    test_get_3pe_protocols_no_protocols ...                                [OK]
    test_get_3pe_protocols_one_protocol ...                                [OK]
    test_get_3pe_protocols_protocol_no_response ...                        [OK]
    test_get_3pe_protocols_select_one_protocol ...                         [OK]
    test_notify_interested_services ...                                    [OK]
    test_notify_interested_services_ephemeral ...                          [OK]
    test_notify_interested_services_ephemeral_out_of_order ...             [OK]
    test_query_room_alias_exists ...                                       [OK]
    test_query_user_exists_known_user ...                                  [OK]
    test_query_user_exists_unknown_user ...                                [OK]
  ApplicationServicesHandlerDeviceListsTestCase
    test_application_service_receives_device_list_updates_0 ...            [OK]
    test_application_service_receives_device_list_updates_1 ...            [OK]
    test_application_service_receives_device_list_updates_2 ...            [OK]
    test_application_service_receives_device_list_updates_3 ...            [OK]
  ApplicationServicesHandlerOtkCountsTestCase
    test_application_services_receive_otk_counts_and_fallback_key_usages_with_pdus ... [OK]
  ApplicationServicesHandlerSendEventsTestCase
    test_application_services_receive_bursts_of_to_device ...              [OK]
    test_application_services_receive_events_sent_by_interesting_local_user ... [OK]
    test_application_services_receive_local_to_device ...                  [OK]
    test_application_services_receive_local_to_device_for_many_users ...   [OK]
    test_match_interesting_room_members_0__local_as_user_test ...          [OK]
    test_match_interesting_room_members_1__remote_as_user_remote ...       [OK]
    test_sending_read_receipt_batches_to_application_services ...          [OK]
tests.handlers.test_auth
  AuthTestCase
    test_login_token_default_duration_expires_after_two_minutes ...        [OK]
    test_login_token_expires ...                                           [OK]
    test_login_token_gives_auth_provider ...                               [OK]
    test_login_token_gives_user_id ...                                     [OK]
    test_login_token_reuse_fails ...                                       [OK]
    test_macaroon_caveats ...                                              [OK]
    test_mau_limits_disabled ...                                           [OK]
    test_mau_limits_exceeded_large ...                                     [OK]
    test_mau_limits_not_exceeded ...                                       [OK]
    test_mau_limits_parity ...                                             [OK]
tests.handlers.test_cas
  CasHandlerTestCase
    test_map_cas_user_does_not_register_new_user ...                       [OK]
    test_map_cas_user_to_existing_user ...                                 [OK]
    test_map_cas_user_to_invalid_localpart ...                             [OK]
    test_map_cas_user_to_user ...                                          [OK]
    test_required_attributes ...                                           [OK]
tests.handlers.test_deactivate_account
  DeactivateAccountTestCase
    test_account_data_deleted_retroactively_by_background_update_if_deactivated ... [OK]
    test_account_data_preserved_by_background_update_if_not_deactivated ... [OK]
    test_deactivate_account_needs_auth ...                                 [OK]
    test_deactivate_account_starts_single_user_parter_loop ...             [OK]
    test_global_account_data_deleted_upon_deactivation ...                 [OK]
    test_ignored_users_deleted_upon_deactivation ...                       [OK]
    test_part_user_propagates_cancellation ...                             [OK]
    test_push_rules_deleted_upon_account_deactivation ...                  [OK]
    test_reject_pending_invites_logs_summary ...                           [OK]
    test_room_account_data_deleted_upon_deactivation ...                   [OK]
    test_start_user_parting_resets_guard_on_schedule_error ...             [OK]
    test_threepid_unbind_cancellation_propagates ...                       [OK]
    test_threepid_unbind_failure_aborts_deactivation ...                   [OK]
tests.handlers.test_device
  DehydrationTestCase
    test_dehydrate_and_rehydrate_device ...                                [OK]
    test_dehydrate_v2_and_fetch_events ...                                 [OK]
  DeviceTestCase
    test_delete_device ...                                                 [OK]
    test_delete_device_and_big_device_inbox ...                            [OK]
    test_delete_device_and_device_inbox ...                                [OK]
    test_device_id_is_made_up_if_unspecified ...                           [OK]
    test_device_is_created_if_doesnt_exist ...                             [OK]
    test_device_is_created_with_invalid_name ...                           [OK]
    test_device_is_preserved_if_exists ...                                 [OK]
    test_get_device ...                                                    [OK]
    test_get_devices_by_user ...                                           [OK]
    test_on_federation_query_user_devices_appservice ...                   [OK]
    test_on_federation_query_user_devices_includes_revoked_deleted_device ... [OK]
    test_update_device ...                                                 [OK]
    test_update_device_too_long_display_name ...                           [OK]
    test_update_unknown_device ...                                         [OK]
tests.handlers.test_directory
  CanonicalAliasTestCase
    test_remove_alias ...                                                  [OK]
    test_remove_other_alias ...                                            [OK]
  DirectoryTestCase
    test_get_local_association ...                                         [OK]
    test_get_remote_association ...                                        [OK]
    test_incoming_fed_query ...                                            [OK]
  TestCreateAlias
    test_create_alias_admin ...                                            [OK]
    test_create_alias_joined_room ...                                      [OK]
    test_create_alias_other_room ...                                       [OK]
  TestCreateAliasACL
    test_allowed ...                                                       [OK]
    test_allowed_during_creation ...                                       [OK]
    test_denied ...                                                        [OK]
    test_denied_during_creation ...                                        [OK]
  TestCreatePublishedRoomACL
    test_allowed_when_creating_private_room ...                            [OK]
    test_allowed_with_publication_permission ...                           [OK]
    test_can_create_as_private_room_after_rejection ...                    [OK]
    test_can_create_with_permission_after_rejection ...                    [OK]
    test_denied_publication_with_invalid_alias ...                         [OK]
    test_denied_without_publication_permission ...                         [OK]
  TestDeleteAlias
    test_delete_alias_admin ...                                            [OK]
    test_delete_alias_creator ...                                          [OK]
    test_delete_alias_not_allowed ...                                      [OK]
    test_delete_alias_sufficient_power ...                                 [OK]
  TestRoomListSearchDisabled
    test_disabling_room_list ...                                           [OK]
tests.handlers.test_e2e_keys
  E2eKeysHandlerTestCase
    test_change_one_time_keys ...                                          [OK]
    test_check_cross_signing_setup ...                                     [OK]
    test_claim_one_time_key ...                                            [OK]
    test_claim_one_time_key_bulk ...                                       [OK]
    test_fallback_key ...                                                  [OK]
    test_fallback_key_always_returned ...                                  [OK]
    test_fallback_key_bulk ...                                             [OK]
    test_query_all_devices_caches_result_0 ...                             [OK]
    test_query_all_devices_caches_result_1 ...                             [OK]
    test_query_all_devices_caches_result_2 ...                             [OK]
    test_query_appservice ...                                              [OK]
    test_query_appservice_with_fallback ...                                [OK]
    test_query_devices_remote_no_sync ...                                  [OK]
    test_query_devices_remote_sync ...                                     [OK]
    test_query_local_devices_appservice ...                                [OK]
    test_query_local_devices_no_devices ...                                [OK]
    test_replace_master_key ...                                            [OK]
    test_reupload_one_time_keys ...                                        [OK]
    test_reupload_signatures ...                                           [OK]
    test_self_signing_key_doesnt_show_up_as_device ...                     [OK]
    test_upload_signatures ...                                             [OK]
tests.handlers.test_e2e_room_keys
  E2eRoomKeysHandlerTestCase
    test_create_version ...                                                [OK]
    test_delete_missing_current_version ...                                [OK]
    test_delete_missing_version ...                                        [OK]
    test_delete_room_keys ...                                              [OK]
    test_delete_version ...                                                [OK]
    test_get_missing_backup ...                                            [OK]
    test_get_missing_current_version_info ...                              [OK]
    test_get_missing_room_keys ...                                         [OK]
    test_get_missing_version_info ...                                      [OK]
    test_update_bad_version ...                                            [OK]
    test_update_missing_version ...                                        [OK]
    test_update_omitted_version ...                                        [OK]
    test_update_version ...                                                [OK]
    test_upload_room_keys_bogus_version ...                                [OK]
    test_upload_room_keys_insert ...                                       [OK]
    test_upload_room_keys_merge ...                                        [OK]
    test_upload_room_keys_no_versions ...                                  [OK]
    test_upload_room_keys_wrong_version ...                                [OK]
tests.handlers.test_federation
  EventFromPduTestCase
    test_invalid_nested ...                                                [OK]
    test_invalid_numbers ...                                               [OK]
    test_valid_json ...                                                    [OK]
  FederationTestCase
    test_backfill_ignores_known_events ...                                 [OK]
    test_backfill_with_many_backward_extremities ...                       [OK]
    test_exchange_revoked_invite ...                                       [OK]
    test_invite_by_user_ratelimit ...                                      [OK]
    test_rejected_message_event_state ...                                  [OK]
    test_rejected_state_event_state ...                                    [OK]
  PartialJoinTestCase
    test_duplicate_partial_state_room_syncs ...                            [OK]
    test_failed_partial_join_is_clean ...                                  [OK]
    test_partial_state_room_sync_restart ...                               [OK]
tests.handlers.test_federation_event
  FederationEventBlackoutRevocationTests
    test_federation_ingress_allows_unmatched_revocation_records ... blackout mode enabled: forcing enable_media_repo=False
blackout mode enabled: forcing enable_search=False
       [OK]
    test_federation_ingress_rejects_inline_payload_without_offline_markers ... [OK]
    test_federation_ingress_rejects_invalid_chunk_merkle ...               [OK]
    test_federation_ingress_rejects_invalid_chunk_merkle_with_replication_factor ... [OK]
    test_federation_ingress_strips_inline_payload_when_offline_markers_present ... [OK]
  FederationEventHandlerTests
    test_backfill_process_previously_failed_pull_attempt_event_in_the_background ... [OK]
    test_backfill_signature_failure_does_not_fetch_same_prev_event_later ... [OK]
    test_process_pulled_event_clears_backfill_attempts_after_being_successfully_persisted ... [OK]
    test_process_pulled_event_records_failed_backfill_attempts ...         [OK]
    test_process_pulled_event_with_missing_state ...                       [OK]
    test_process_pulled_event_with_missing_state_where_prev_is_outlier ... [OK]
    test_process_pulled_event_with_rejected_missing_state ...              [OK]
tests.handlers.test_message
  BlackoutEventCreationTestCase
    test_blackout_signal_accepts_offline_retrieval_and_redundancy_metadata ... [OK]
    test_blackout_signal_gets_ttl ...                                      [OK]
    test_blackout_signal_rate_limited ...                                  [OK]
    test_blackout_signal_records_invalid_redundancy_metadata_metric ...    [OK]
    test_blackout_signal_rejects_inline_payload_without_external_fetch ... [OK]
    test_blackout_signal_rejects_inline_payload_without_offline_retrieval ... [OK]
    test_blackout_signal_rejects_invalid_chunk_hash ...                    [OK]
    test_blackout_signal_rejects_invalid_ice_candidate_shape ...           [OK]
    test_blackout_signal_rejects_invalid_merkle_root ...                   [OK]
    test_blackout_signal_rejects_missing_message_metadata ...              [OK]
    test_blackout_signal_rejects_non_sha256_chunk_hash ...                 [OK]
    test_blackout_signal_rejects_revoked_sender_key ...                    [OK]
    test_blackout_signal_rejects_unknown_fields ...                        [OK]
    test_non_signal_timeline_event_blocked ...                             [OK]
    test_room_encrypted_blocked_in_blackout_mode ...                       [OK]
    test_room_message_blocked_in_blackout_mode ...                         [OK]
  EventCreationTestCase
    test_duplicated_txn_id ...                                             [OK]
    test_duplicated_txn_id_one_call ...                                    [OK]
    test_when_empty_prev_events_allowed_create_event_with_empty_prev_events ... [OK]
    test_when_empty_prev_events_allowed_reject_event_with_empty_prev_events_and_auth_events ... [OK]
    test_when_empty_prev_events_not_allowed_reject_event_with_empty_prev_events ... [OK]
  ServerAclValidationTestCase
    test_allow_server_acl ...                                              [OK]
    test_deny_redact_server_acl ...                                        [OK]
    test_deny_server_acl_block_outselves ...                               [OK]
tests.handlers.test_oauth_delegation
  MSC3861OAuthDelegation
    test_3pid_endpoints ...                                                [OK]
    test_account_management_endpoints_removed ...                          [OK]
    test_active_admin ...                                                  [OK]
    test_active_admin_highest_privilege ...                                [OK]
    test_active_admin_not_user ...                                         [OK]
    test_active_guest_allowed ...                                          [OK]
    test_active_guest_not_allowed ...                                      [OK]
    test_active_no_scope ...                                               [OK]
    test_active_no_user_scope ...                                          [OK]
    test_active_user ...                                                   [OK]
    test_active_user_no_subject ...                                        [OK]
    test_active_user_with_device ...                                       [OK]
    test_admin_api_endpoints_removed ...                                   [OK]
    test_admin_token ...                                                   [OK]
    test_cross_signing ...                                                 [OK]
    test_device_management_endpoints_removed ...                           [OK]
    test_inactive_token ...                                                [OK]
    test_multiple_devices ...                                              [OK]
    test_openid_endpoints_removed ...                                      [OK]
    test_registration_endpoints_removed ...                                [OK]
    test_request_tracking ...                                              [OK]
    test_session_management_endpoints_removed ...                          [OK]
    test_uia_endpoints ...                                                 [OK]
    test_unavailable_introspection_endpoint ...                            [OK]
tests.handlers.test_oidc
  OidcHandlerTestCase
    test_attribute_requirements ...                                        [OK]
    test_attribute_requirements_contains ...                               [OK]
    test_attribute_requirements_mismatch ...                               [OK]
    test_callback ...                                                      [OK]
    test_callback_error ...                                                [OK]
    test_callback_session ...                                              [OK]
    test_config ...                                                        [OK]
    test_discovery ...                                                     [OK]
    test_empty_localpart ...                                               [OK]
    test_exchange_code ...                                                 [OK]
    test_exchange_code_jwt_key ...                                         [OK]
    test_exchange_code_no_auth ...                                         [OK]
    test_extra_attributes ...                                              [OK]
    test_load_jwks ...                                                     [OK]
    test_map_userinfo_to_existing_user ...                                 [OK]
    test_map_userinfo_to_invalid_localpart ...                             [OK]
    test_map_userinfo_to_user ...                                          [OK]
    test_map_userinfo_to_user_does_not_register_new_user ...               [OK]
    test_map_userinfo_to_user_retries ...                                  [OK]
    test_no_discovery ...                                                  [OK]
    test_null_localpart ...                                                [OK]
    test_redirect_request ...                                              [OK]
    test_redirect_request_with_code_challenge ...                          [OK]
    test_redirect_request_with_disabled_code_challenge ...                 [OK]
    test_redirect_request_with_forced_code_challenge ...                   [OK]
    test_skip_verification ...                                             [OK]
    test_validate_config ...                                               [OK]
tests.handlers.test_password_providers
  PasswordAuthProviderTests
    test_3pid_allowed ...                                                  [OK]
    test_custom_auth_no_local_user_fallback ...                            [OK]
    test_custom_auth_no_local_user_fallback_legacy ...                     [OK]
    test_custom_auth_password_disabled ...                                 [OK]
    test_custom_auth_password_disabled_legacy ...                          [OK]
    test_custom_auth_password_disabled_localdb_enabled ...                 [OK]
    test_custom_auth_password_disabled_localdb_enabled_legacy ...          [OK]
    test_custom_auth_provider_callback ...                                 [OK]
    test_custom_auth_provider_callback_legacy ...                          [OK]
    test_custom_auth_provider_login ...                                    [OK]
    test_custom_auth_provider_login_legacy ...                             [OK]
    test_custom_auth_provider_ui_auth ...                                  [OK]
    test_custom_auth_provider_ui_auth_legacy ...                           [OK]
    test_displayname ...                                                   [OK]
    test_displayname_uia ...                                               [OK]
    test_local_user_fallback_login_legacy ...                              [OK]
    test_local_user_fallback_ui_auth_legacy ...                            [OK]
    test_no_local_user_fallback_login_legacy ...                           [OK]
    test_no_local_user_fallback_ui_auth_legacy ...                         [OK]
    test_on_logged_out ...                                                 [OK]
    test_password_auth_disabled_legacy ...                                 [OK]
    test_password_custom_auth_password_disabled_login ...                  [OK]
    test_password_custom_auth_password_disabled_login_legacy ...           [OK]
    test_password_custom_auth_password_disabled_ui_auth ...                [OK]
    test_password_custom_auth_password_disabled_ui_auth_legacy ...         [OK]
    test_password_only_auth_progiver_login_legacy ...                      [OK]
    test_password_only_auth_provider_ui_auth_legacy ...                    [OK]
    test_username ...                                                      [OK]
    test_username_uia ...                                                  [OK]
tests.handlers.test_presence
  PresenceFederationQueueTestCase
    test_clear_queue_all ...                                               [OK]
    test_partially_clear_queue ...                                         [OK]
    test_send_and_get ...                                                  [OK]
    test_send_and_get_split ...                                            [OK]
  PresenceHandlerInitTestCase
    test_restored_presence_idles ...                                       [OK]
    test_restored_presence_online_after_sync_0_org_matrix_msc3026_busy ... [OK]
    test_restored_presence_online_after_sync_1_online ...                  [OK]
    test_restored_presence_online_after_sync_2_unavailable ...             [OK]
    test_restored_presence_online_after_sync_3_offline ...                 [OK]
  PresenceHandlerTestCase
    test_external_process_timeout ...                                 [SKIPPED]
    test_set_presence_from_non_syncing_multi_device_00_monolith ...   [SKIPPED]
    test_set_presence_from_non_syncing_multi_device_01_monolith ...   [SKIPPED]
    test_set_presence_from_non_syncing_multi_device_02_monolith ...   [SKIPPED]
    test_set_presence_from_non_syncing_multi_device_03_monolith ...   [SKIPPED]
    test_set_presence_from_non_syncing_multi_device_04_monolith ...   [SKIPPED]
    test_set_presence_from_non_syncing_multi_device_05_monolith ...   [SKIPPED]
    test_set_presence_from_non_syncing_multi_device_06_monolith ...   [SKIPPED]
    test_set_presence_from_non_syncing_multi_device_07_monolith ...   [SKIPPED]
    test_set_presence_from_non_syncing_multi_device_08_monolith ...   [SKIPPED]
    test_set_presence_from_non_syncing_multi_device_09_monolith ...   [SKIPPED]
    test_set_presence_from_non_syncing_multi_device_10_monolith ...   [SKIPPED]
    test_set_presence_from_non_syncing_multi_device_11_monolith ...   [SKIPPED]
    test_set_presence_from_non_syncing_multi_device_12_monolith ...   [SKIPPED]
    test_set_presence_from_non_syncing_multi_device_13_monolith ...   [SKIPPED]
    test_set_presence_from_non_syncing_multi_device_14_monolith ...   [SKIPPED]
    test_set_presence_from_non_syncing_multi_device_15_monolith ...   [SKIPPED]
    test_set_presence_from_non_syncing_multi_device_16_workers ...    [SKIPPED]
    test_set_presence_from_non_syncing_multi_device_17_workers ...    [SKIPPED]
    test_set_presence_from_non_syncing_multi_device_18_workers ...    [SKIPPED]
    test_set_presence_from_non_syncing_multi_device_19_workers ...    [SKIPPED]
    test_set_presence_from_non_syncing_multi_device_20_workers ...    [SKIPPED]
    test_set_presence_from_non_syncing_multi_device_21_workers ...    [SKIPPED]
    test_set_presence_from_non_syncing_multi_device_22_workers ...    [SKIPPED]
    test_set_presence_from_non_syncing_multi_device_23_workers ...    [SKIPPED]
    test_set_presence_from_non_syncing_multi_device_24_workers ...    [SKIPPED]
    test_set_presence_from_non_syncing_multi_device_25_workers ...    [SKIPPED]
    test_set_presence_from_non_syncing_multi_device_26_workers ...    [SKIPPED]
    test_set_presence_from_non_syncing_multi_device_27_workers ...    [SKIPPED]
    test_set_presence_from_non_syncing_multi_device_28_workers ...    [SKIPPED]
    test_set_presence_from_non_syncing_multi_device_29_workers ...    [SKIPPED]
    test_set_presence_from_non_syncing_multi_device_30_workers ...    [SKIPPED]
    test_set_presence_from_non_syncing_multi_device_31_workers ...    [SKIPPED]
    test_set_presence_from_syncing_is_set ...                         [SKIPPED]
    test_set_presence_from_syncing_keeps_busy_0 ...                   [SKIPPED]
    test_set_presence_from_syncing_keeps_busy_1 ...                   [SKIPPED]
    test_set_presence_from_syncing_keeps_status ...                   [SKIPPED]
    test_set_presence_from_syncing_multi_device_00_monolith ...       [SKIPPED]
    test_set_presence_from_syncing_multi_device_01_monolith ...       [SKIPPED]
    test_set_presence_from_syncing_multi_device_02_monolith ...       [SKIPPED]
    test_set_presence_from_syncing_multi_device_03_monolith ...       [SKIPPED]
    test_set_presence_from_syncing_multi_device_04_monolith ...       [SKIPPED]
    test_set_presence_from_syncing_multi_device_05_monolith ...       [SKIPPED]
    test_set_presence_from_syncing_multi_device_06_monolith ...       [SKIPPED]
    test_set_presence_from_syncing_multi_device_07_monolith ...       [SKIPPED]
    test_set_presence_from_syncing_multi_device_08_monolith ...       [SKIPPED]
    test_set_presence_from_syncing_multi_device_09_monolith ...       [SKIPPED]
    test_set_presence_from_syncing_multi_device_10_monolith ...       [SKIPPED]
    test_set_presence_from_syncing_multi_device_11_monolith ...       [SKIPPED]
    test_set_presence_from_syncing_multi_device_12_monolith ...       [SKIPPED]
    test_set_presence_from_syncing_multi_device_13_monolith ...       [SKIPPED]
    test_set_presence_from_syncing_multi_device_14_monolith ...       [SKIPPED]
    test_set_presence_from_syncing_multi_device_15_monolith ...       [SKIPPED]
    test_set_presence_from_syncing_multi_device_16_workers ...        [SKIPPED]
    test_set_presence_from_syncing_multi_device_17_workers ...        [SKIPPED]
    test_set_presence_from_syncing_multi_device_18_workers ...        [SKIPPED]
    test_set_presence_from_syncing_multi_device_19_workers ...        [SKIPPED]
    test_set_presence_from_syncing_multi_device_20_workers ...        [SKIPPED]
    test_set_presence_from_syncing_multi_device_21_workers ...        [SKIPPED]
    test_set_presence_from_syncing_multi_device_22_workers ...        [SKIPPED]
    test_set_presence_from_syncing_multi_device_23_workers ...        [SKIPPED]
    test_set_presence_from_syncing_multi_device_24_workers ...        [SKIPPED]
    test_set_presence_from_syncing_multi_device_25_workers ...        [SKIPPED]
    test_set_presence_from_syncing_multi_device_26_workers ...        [SKIPPED]
    test_set_presence_from_syncing_multi_device_27_workers ...        [SKIPPED]
    test_set_presence_from_syncing_multi_device_28_workers ...        [SKIPPED]
    test_set_presence_from_syncing_multi_device_29_workers ...        [SKIPPED]
    test_set_presence_from_syncing_multi_device_30_workers ...        [SKIPPED]
    test_set_presence_from_syncing_multi_device_31_workers ...        [SKIPPED]
    test_set_presence_from_syncing_not_set ...                        [SKIPPED]
    test_set_presence_with_status_msg_none ...                        [SKIPPED]
    test_untracked_does_not_idle ...                                  [SKIPPED]
    test_user_goes_offline_by_timeout_status_msg_remain ...           [SKIPPED]
    test_user_goes_offline_manually_with_no_status_msg ...            [SKIPPED]
    test_user_goes_offline_manually_with_status_msg ...               [SKIPPED]
    test_user_reset_online_with_no_status ...                         [SKIPPED]
  PresenceJoinTestCase
    test_remote_gets_presence_when_local_user_joins ...                    [OK]
    test_remote_joins ...                                                  [OK]
  PresenceTimeoutTestCase
    test_busy_no_idle ...                                                  [OK]
    test_federation_ping ...                                               [OK]
    test_federation_timeout ...                                            [OK]
    test_idle_timer ...                                                    [OK]
    test_last_active ...                                                   [OK]
    test_no_timeout ...                                                    [OK]
    test_sync_online ...                                                   [OK]
    test_sync_timeout ...                                                  [OK]
  PresenceUpdateTestCase
    test_offline_to_online ...                                             [OK]
    test_online_to_idle ...                                                [OK]
    test_online_to_offline ...                                             [OK]
    test_online_to_online ...                                              [OK]
    test_online_to_online_last_active ...                                  [OK]
    test_online_to_online_last_active_noop ...                             [OK]
    test_override_00_org_matrix_msc3026_busy ...                           [OK]
    test_override_01_org_matrix_msc3026_busy ...                           [OK]
    test_override_02_org_matrix_msc3026_busy ...                           [OK]
    test_override_03_online ...                                            [OK]
    test_override_04_online ...                                            [OK]
    test_override_05_online ...                                            [OK]
    test_override_06_unavailable ...                                       [OK]
    test_override_07_unavailable ...                                       [OK]
    test_override_08_unavailable ...                                       [OK]
    test_override_09_offline ...                                           [OK]
    test_override_10_offline ...                                           [OK]
    test_override_11_offline ...                                           [OK]
    test_persisting_presence_updates ...                                   [OK]
    test_remote_ping_timer ...                                             [OK]
tests.handlers.test_profile
  ProfileTestCase
    test_avatar_constraint_mime_type ...                                   [OK]
    test_avatar_constraint_on_local_server_with_port ...                   [OK]
    test_avatar_constraints_allow_empty_avatar_url ...                     [OK]
    test_avatar_constraints_file_size ...                                  [OK]
    test_avatar_constraints_missing ...                                    [OK]
    test_avatar_constraints_no_config ...                                  [OK]
    test_check_avatar_on_remote_server_0_remote ...                        [OK]
    test_check_avatar_on_remote_server_1_remote_1234 ...                   [OK]
    test_get_my_avatar ...                                                 [OK]
    test_get_my_name ...                                                   [OK]
    test_get_other_name ...                                                [OK]
    test_get_profile_empty_displayname ...                                 [OK]
    test_incoming_fed_query ...                                            [OK]
    test_set_my_avatar ...                                                 [OK]
    test_set_my_avatar_if_disabled ...                                     [OK]
    test_set_my_name ...                                                   [OK]
    test_set_my_name_if_disabled ...                                       [OK]
    test_set_my_name_noauth ...                                            [OK]
tests.handlers.test_receipts
  ReceiptsTestCase
    test_filters_out_event_with_only_private_receipts_and_ignores_the_rest ... [OK]
    test_filters_out_private_receipt ...                                   [OK]
    test_filters_out_private_receipt_and_ignores_rest ...                  [OK]
    test_filters_out_receipt_event_with_only_private_receipt_and_ignores_rest ... [OK]
    test_handles_empty_event ...                                           [OK]
    test_handles_string_data ...                                           [OK]
    test_leaves_our_private_and_their_public ...                           [OK]
    test_we_do_not_mutate ...                                              [OK]
tests.handlers.test_register
  RegistrationTestCase
    test_auto_create_auto_join_room_preset ...                             [OK]
    test_auto_create_auto_join_room_preset_guest ...                       [OK]
    test_auto_create_auto_join_room_preset_invalid_permissions ...         [OK]
    test_auto_create_auto_join_rooms ...                                   [OK]
    test_auto_create_auto_join_rooms_federated ...                         [OK]
    test_auto_create_auto_join_rooms_when_user_is_not_a_real_user ...      [OK]
    test_auto_create_auto_join_rooms_when_user_is_not_the_first_real_user ... [OK]
    test_auto_create_auto_join_rooms_when_user_is_the_first_real_user ...  [OK]
    test_auto_create_auto_join_rooms_with_no_rooms ...                     [OK]
    test_auto_create_auto_join_where_auto_create_is_false ...              [OK]
    test_auto_create_auto_join_where_no_consent ...                        [OK]
    test_auto_create_auto_join_where_room_is_another_domain ...            [OK]
    test_auto_join_mxid_localpart ...                                      [OK]
    test_auto_join_rooms_for_guests ...                                    [OK]
    test_get_or_create_user_mau_blocked ...                                [OK]
    test_get_or_create_user_mau_not_blocked ...                            [OK]
    test_if_user_exists ...                                                [OK]
    test_invalid_user_id ...                                               [OK]
    test_invalid_user_id_length ...                                        [OK]
    test_mau_limits_when_disabled ...                                      [OK]
    test_register_mau_blocked ...                                          [OK]
    test_register_not_support_user ...                                     [OK]
    test_register_support_user ...                                         [OK]
    test_spam_checker_deny ...                                             [OK]
    test_spam_checker_legacy_allow ...                                     [OK]
    test_spam_checker_legacy_deny ...                                      [OK]
    test_spam_checker_receives_sso_type ...                                [OK]
    test_spam_checker_shadow_ban ...                                       [OK]
    test_special_chars ...                                                 [OK]
    test_user_is_created_and_logged_in_if_doesnt_exist ...                 [OK]
  RemoteAutoJoinTestCase
    test_auto_create_auto_join_remote_room ...                             [OK]
tests.handlers.test_room
  EncryptedByDefaultTestCase
    test_encrypted_by_default_config_option_all ...                        [OK]
    test_encrypted_by_default_config_option_invite ...                     [OK]
    test_encrypted_by_default_config_option_off ...                        [OK]
tests
  handlers
    test_room_member ...                                                [ERROR]
tests.handlers.test_room_summary
  RoomSummaryTestCase
    test_fed ...                                                           [OK]
    test_own_room ...                                                      [OK]
    test_visibility ...                                                    [OK]
  SpaceSummaryTestCase
    test_complex_space ...                                                 [OK]
    test_fed_caching ...                                                   [OK]
    test_fed_complex ...                                                   [OK]
    test_fed_filtering ...                                                 [OK]
    test_fed_invited ...                                                   [OK]
    test_filtering ...                                                     [OK]
    test_invalid_pagination_token ...                                      [OK]
    test_large_space ...                                                   [OK]
    test_max_depth ...                                                     [OK]
    test_pagination ...                                                    [OK]
    test_room_hierarchy_cache ...                                          [OK]
    test_room_hierarchy_cache_sharing ...                                  [OK]
    test_simple_space ...                                                  [OK]
    test_unknown_room_version ...                                          [OK]
    test_visibility ...                                                    [OK]
  TestSpaceSummarySort
    test_invalid_ordering_type ...                                         [OK]
    test_invalid_ordering_value ...                                        [OK]
    test_no_order_last ...                                                 [OK]
    test_order ...                                                         [OK]
    test_order_origin_server_ts ...                                        [OK]
    test_order_room_id ...                                                 [OK]
tests.handlers.test_saml
  SamlHandlerTestCase
    test_attribute_requirements ...                                   [SKIPPED]
    test_map_saml_response_redirect ...                               [SKIPPED]
    test_map_saml_response_to_existing_user ...                       [SKIPPED]
    test_map_saml_response_to_invalid_localpart ...                   [SKIPPED]
    test_map_saml_response_to_user ...                                [SKIPPED]
    test_map_saml_response_to_user_retries ...                        [SKIPPED]
tests.handlers.test_send_email
  SendEmailHandlerTestCaseIPv4
    test_send_email ...                                                    [OK]
    test_send_email_force_tls ...                                          [OK]
  SendEmailHandlerTestCaseIPv6
    test_send_email ...                                                    [OK]
    test_send_email_force_tls ...                                          [OK]
tests.handlers.test_sso
  TestSSOHandler
    test_set_avatar ...                                                    [OK]
    test_set_avatar_incorrect_mime_type ...                                [OK]
    test_set_avatar_too_big_image ...                                      [OK]
    test_skip_saving_avatar_when_not_changed ...                           [OK]
tests.handlers.test_stats
  StatsRoomTests
    test_banned ...                                                        [OK]
    test_create_room ...                                                   [OK]
    test_create_user ...                                                   [OK]
    test_incomplete_stats ...                                              [OK]
    test_initial_background_update ...                                     [OK]
    test_initial_room ...                                                  [OK]
    test_invited ...                                                       [OK]
    test_join_after_invite ...                                             [OK]
    test_join_after_leave ...                                              [OK]
    test_join_first_time ...                                               [OK]
    test_left ...                                                          [OK]
    test_send_state_event_nonoverwriting ...                               [OK]
    test_updating_profile_information_does_not_increase_joined_members_count ... [OK]
tests.handlers.test_sync
  SyncTestCase
    test_ban_wins_race_with_join ...                                       [OK]
    test_generate_sync_result_rejects_appservice_user ...                  [OK]
    test_unknown_room_version ...                                          [OK]
    test_wait_for_sync_for_user_auth_blocking ...                          [OK]
tests.handlers.test_typing
  TypingNotificationsTestCase
    test_started_typing_local ...                                          [OK]
    test_started_typing_remote_recv ...                                    [OK]
    test_started_typing_remote_recv_not_in_room ...                        [OK]
    test_started_typing_remote_send ...                                    [OK]
    test_stopped_typing ...                                                [OK]
    test_typing_timeout ...                                                [OK]
tests.handlers.test_user_directory
  TestUserDirSearchDisabled
    test_disabling_room_list ...                                           [OK]
  UserDirectoryRemoteProfileTestCase
    test_private_rooms_do_not_have_profiles_collected ...                  [OK]
    test_private_rooms_have_profiles_requested ...                         [OK]
    test_profile_requests_are_retried ...                                  [OK]
    test_public_rooms_have_profiles_collected ...                          [OK]
  UserDirectoryTestCase
    test_excludes_appservice_sender ...                                    [OK]
    test_excludes_appservices_user ...                                     [OK]
    test_excludes_deactivated_user ...                                     [OK]
    test_excludes_support_user ...                                         [OK]
    test_excludes_users_when_making_room_public ...                        [OK]
    test_handle_local_profile_change_with_appservice_sender ...            [OK]
    test_handle_local_profile_change_with_appservice_user ...              [OK]
    test_handle_local_profile_change_with_deactivated_user ...             [OK]
    test_handle_local_profile_change_with_support_user ...                 [OK]
    test_handle_user_deactivated_regular_user ...                          [OK]
    test_handle_user_deactivated_support_user ...                          [OK]
    test_ignore_display_names_with_null_codepoints ...                     [OK]
    test_initial_share_all_users ...                                       [OK]
    test_joining_private_room_with_excluded_user ...                       [OK]
    test_legacy_spam_checker ...                                           [OK]
    test_local_user_leaving_room_remains_in_user_directory ...             [OK]
    test_making_room_public_doesnt_alter_directory_entry ...               [OK]
    test_normal_user_pair ...                                              [OK]
    test_per_room_profile_doesnt_alter_directory_entry ...                 [OK]
    test_prefer_local_users ...                                            [OK]
    test_private_room ...                                                  [OK]
    test_process_join_after_server_leaves_room ...                         [OK]
    test_reactivation_makes_regular_user_searchable ...                    [OK]
    test_search_term_with_colon_in_it_does_not_raise ...                   [OK]
    test_spam_checker ...                                                  [OK]
    test_switching_from_private_to_public_to_private ...                   [OK]
    test_user_not_in_users_table ...                                       [OK]
tests.handlers.test_worker_lock
  WorkerLockTestCase
    test_wait_for_lock_locally ...                                         [OK]
  WorkerLockWorkersTestCase
    test_wait_for_lock_worker ...                                     [SKIPPED]
tests.federation.test_complexity
  RoomComplexityAdminTests
    test_join_too_large_admin ...                                          [OK]
    test_join_too_large_no_admin ...                                       [OK]
  RoomComplexityTests
    test_complexity_simple ...                                             [OK]
    test_join_too_large ...                                                [OK]
    test_join_too_large_admin ...                                          [OK]
    test_join_too_large_once_joined ...                                    [OK]
tests.federation.test_federation_catch_up
  FederationCatchUpTestCases
    test_catch_up_destination_rooms_tracking ...                           [OK]
    test_catch_up_from_blank_state ...                                     [OK]
    test_catch_up_is_not_blocked_by_remote_event_in_partial_state_room ... [OK]
    test_catch_up_last_successful_stream_ordering_tracking ...             [OK]
    test_catch_up_loop ...                                                 [OK]
    test_catch_up_on_synapse_startup ...                                   [OK]
    test_not_latest_event ...                                              [OK]
tests.federation.test_federation_client
  FederationClientTest
    test_backfill_invalid_signature_records_failed_pull_attempts ...       [OK]
    test_get_pdu ...                                                       [OK]
    test_get_pdu_event_from_cache_is_pristine ...                          [OK]
    test_get_pdu_propagates_cancellation ...                               [OK]
    test_get_pdu_returns_nothing_when_event_does_not_exist ...             [OK]
    test_get_pdu_skips_duplicate_destinations ...                          [OK]
    test_get_room_state ...                                                [OK]
    test_get_room_state_ids_rejects_missing_pdu_ids ...                    [OK]
    test_get_room_state_ids_rejects_non_list_pdu_ids ...                   [OK]
    test_timestamp_to_event_logs_warning_on_failure ...                    [OK]
tests.federation.test_federation_sender
  FederationSenderDevicesTestCases
    test_delete_devices ...                                                [OK]
    test_dont_send_device_updates_for_remote_users ...                     [OK]
    test_prune_outbound_device_pokes1 ...                                  [OK]
    test_prune_outbound_device_pokes2 ...                                  [OK]
    test_send_device_updates ...                                           [OK]
    test_unreachable_server ...                                            [OK]
    test_upload_signatures ...                                             [OK]
  FederationSenderNotImplementedRegressionTests
    test_main_process_federation_ack_is_safe_noop ...                      [OK]
    test_remote_send_queue_notify_new_events_is_safe_noop ...              [OK]
  FederationSenderReceiptsTestCases
    test_send_receipts ...                                                 [OK]
    test_send_receipts_thread ...                                          [OK]
    test_send_receipts_with_backoff ...                                    [OK]
tests.federation.test_federation_server
  FederationServerTests
    test_bad_request_0 ...                                                 [OK]
    test_bad_request_1 ...                                                 [OK]
    test_bad_request_2 ...                                                 [OK]
  SendJoinFederationTests
    test_make_join_respects_room_join_rate_limit ...                       [OK]
    test_send_join ...                                                     [OK]
    test_send_join_contributes_to_room_join_rate_limit_and_is_limited ...  [OK]
    test_send_join_partial_state ...                                       [OK]
    test_send_join_partial_state_non_empty_auth_chain ...                  [OK]
  ServerACLsTestCase
    test_block_ip_literals ...                                             [OK]
    test_blocked_server ...                                                [OK]
    test_wildcard_matching ...                                             [OK]
  StateQueryTests
    test_needs_to_be_in_room ...                                           [OK]
    test_state_ids_requires_event_id ...                                   [OK]
tests.federation.transport.server.test__base
  BaseFederationAuthorizationTests
    test_authorization_header ...                                          [OK]
  BaseFederationServletCancellationTests
    test_cancellable_disconnect ...                                   [SKIPPED]
    test_uncancellable_disconnect ...                                 [SKIPPED]
tests.federation.transport.test_client
  SendJoinParserTestCase
    test_errors_closing_coroutines ...                                     [OK]
    test_partial_state ...                                                 [OK]
    test_servers_in_room ...                                               [OK]
    test_two_writes ...                                                    [OK]
tests.federation.transport.test_knocking
  FederationKnockingTestCase
    test_room_state_returned_when_knocking ...                             [OK]
tests.federation.transport.test_server
  RoomDirectoryFederationTests
    test_blocked_public_room_list_over_federation ...                      [OK]
    test_edu_debugging_doesnt_explode ...                                  [OK]
    test_open_public_room_list_over_federation ...                         [OK]

===============================================================================
[SKIPPED]
Requires Postgres

tests.handlers.test_presence.PresenceHandlerTestCase.test_external_process_timeout
tests.handlers.test_presence.PresenceHandlerTestCase.test_set_presence_from_non_syncing_multi_device_00_monolith
tests.handlers.test_presence.PresenceHandlerTestCase.test_set_presence_from_non_syncing_multi_device_01_monolith
tests.handlers.test_presence.PresenceHandlerTestCase.test_set_presence_from_non_syncing_multi_device_02_monolith
tests.handlers.test_presence.PresenceHandlerTestCase.test_set_presence_from_non_syncing_multi_device_03_monolith
tests.handlers.test_presence.PresenceHandlerTestCase.test_set_presence_from_non_syncing_multi_device_04_monolith
tests.handlers.test_presence.PresenceHandlerTestCase.test_set_presence_from_non_syncing_multi_device_05_monolith
tests.handlers.test_presence.PresenceHandlerTestCase.test_set_presence_from_non_syncing_multi_device_06_monolith
tests.handlers.test_presence.PresenceHandlerTestCase.test_set_presence_from_non_syncing_multi_device_07_monolith
tests.handlers.test_presence.PresenceHandlerTestCase.test_set_presence_from_non_syncing_multi_device_08_monolith
tests.handlers.test_presence.PresenceHandlerTestCase.test_set_presence_from_non_syncing_multi_device_09_monolith
tests.handlers.test_presence.PresenceHandlerTestCase.test_set_presence_from_non_syncing_multi_device_10_monolith
tests.handlers.test_presence.PresenceHandlerTestCase.test_set_presence_from_non_syncing_multi_device_11_monolith
tests.handlers.test_presence.PresenceHandlerTestCase.test_set_presence_from_non_syncing_multi_device_12_monolith
tests.handlers.test_presence.PresenceHandlerTestCase.test_set_presence_from_non_syncing_multi_device_13_monolith
tests.handlers.test_presence.PresenceHandlerTestCase.test_set_presence_from_non_syncing_multi_device_14_monolith
tests.handlers.test_presence.PresenceHandlerTestCase.test_set_presence_from_non_syncing_multi_device_15_monolith
tests.handlers.test_presence.PresenceHandlerTestCase.test_set_presence_from_non_syncing_multi_device_16_workers
tests.handlers.test_presence.PresenceHandlerTestCase.test_set_presence_from_non_syncing_multi_device_17_workers
tests.handlers.test_presence.PresenceHandlerTestCase.test_set_presence_from_non_syncing_multi_device_18_workers
tests.handlers.test_presence.PresenceHandlerTestCase.test_set_presence_from_non_syncing_multi_device_19_workers
tests.handlers.test_presence.PresenceHandlerTestCase.test_set_presence_from_non_syncing_multi_device_20_workers
tests.handlers.test_presence.PresenceHandlerTestCase.test_set_presence_from_non_syncing_multi_device_21_workers
tests.handlers.test_presence.PresenceHandlerTestCase.test_set_presence_from_non_syncing_multi_device_22_workers
tests.handlers.test_presence.PresenceHandlerTestCase.test_set_presence_from_non_syncing_multi_device_23_workers
tests.handlers.test_presence.PresenceHandlerTestCase.test_set_presence_from_non_syncing_multi_device_24_workers
tests.handlers.test_presence.PresenceHandlerTestCase.test_set_presence_from_non_syncing_multi_device_25_workers
tests.handlers.test_presence.PresenceHandlerTestCase.test_set_presence_from_non_syncing_multi_device_26_workers
tests.handlers.test_presence.PresenceHandlerTestCase.test_set_presence_from_non_syncing_multi_device_27_workers
tests.handlers.test_presence.PresenceHandlerTestCase.test_set_presence_from_non_syncing_multi_device_28_workers
tests.handlers.test_presence.PresenceHandlerTestCase.test_set_presence_from_non_syncing_multi_device_29_workers
tests.handlers.test_presence.PresenceHandlerTestCase.test_set_presence_from_non_syncing_multi_device_30_workers
tests.handlers.test_presence.PresenceHandlerTestCase.test_set_presence_from_non_syncing_multi_device_31_workers
tests.handlers.test_presence.PresenceHandlerTestCase.test_set_presence_from_syncing_is_set
tests.handlers.test_presence.PresenceHandlerTestCase.test_set_presence_from_syncing_keeps_busy_0
tests.handlers.test_presence.PresenceHandlerTestCase.test_set_presence_from_syncing_keeps_busy_1
tests.handlers.test_presence.PresenceHandlerTestCase.test_set_presence_from_syncing_keeps_status
tests.handlers.test_presence.PresenceHandlerTestCase.test_set_presence_from_syncing_multi_device_00_monolith
tests.handlers.test_presence.PresenceHandlerTestCase.test_set_presence_from_syncing_multi_device_01_monolith
tests.handlers.test_presence.PresenceHandlerTestCase.test_set_presence_from_syncing_multi_device_02_monolith
tests.handlers.test_presence.PresenceHandlerTestCase.test_set_presence_from_syncing_multi_device_03_monolith
tests.handlers.test_presence.PresenceHandlerTestCase.test_set_presence_from_syncing_multi_device_04_monolith
tests.handlers.test_presence.PresenceHandlerTestCase.test_set_presence_from_syncing_multi_device_05_monolith
tests.handlers.test_presence.PresenceHandlerTestCase.test_set_presence_from_syncing_multi_device_06_monolith
tests.handlers.test_presence.PresenceHandlerTestCase.test_set_presence_from_syncing_multi_device_07_monolith
tests.handlers.test_presence.PresenceHandlerTestCase.test_set_presence_from_syncing_multi_device_08_monolith
tests.handlers.test_presence.PresenceHandlerTestCase.test_set_presence_from_syncing_multi_device_09_monolith
tests.handlers.test_presence.PresenceHandlerTestCase.test_set_presence_from_syncing_multi_device_10_monolith
tests.handlers.test_presence.PresenceHandlerTestCase.test_set_presence_from_syncing_multi_device_11_monolith
tests.handlers.test_presence.PresenceHandlerTestCase.test_set_presence_from_syncing_multi_device_12_monolith
tests.handlers.test_presence.PresenceHandlerTestCase.test_set_presence_from_syncing_multi_device_13_monolith
tests.handlers.test_presence.PresenceHandlerTestCase.test_set_presence_from_syncing_multi_device_14_monolith
tests.handlers.test_presence.PresenceHandlerTestCase.test_set_presence_from_syncing_multi_device_15_monolith
tests.handlers.test_presence.PresenceHandlerTestCase.test_set_presence_from_syncing_multi_device_16_workers
tests.handlers.test_presence.PresenceHandlerTestCase.test_set_presence_from_syncing_multi_device_17_workers
tests.handlers.test_presence.PresenceHandlerTestCase.test_set_presence_from_syncing_multi_device_18_workers
tests.handlers.test_presence.PresenceHandlerTestCase.test_set_presence_from_syncing_multi_device_19_workers
tests.handlers.test_presence.PresenceHandlerTestCase.test_set_presence_from_syncing_multi_device_20_workers
tests.handlers.test_presence.PresenceHandlerTestCase.test_set_presence_from_syncing_multi_device_21_workers
tests.handlers.test_presence.PresenceHandlerTestCase.test_set_presence_from_syncing_multi_device_22_workers
tests.handlers.test_presence.PresenceHandlerTestCase.test_set_presence_from_syncing_multi_device_23_workers
tests.handlers.test_presence.PresenceHandlerTestCase.test_set_presence_from_syncing_multi_device_24_workers
tests.handlers.test_presence.PresenceHandlerTestCase.test_set_presence_from_syncing_multi_device_25_workers
tests.handlers.test_presence.PresenceHandlerTestCase.test_set_presence_from_syncing_multi_device_26_workers
tests.handlers.test_presence.PresenceHandlerTestCase.test_set_presence_from_syncing_multi_device_27_workers
tests.handlers.test_presence.PresenceHandlerTestCase.test_set_presence_from_syncing_multi_device_28_workers
tests.handlers.test_presence.PresenceHandlerTestCase.test_set_presence_from_syncing_multi_device_29_workers
tests.handlers.test_presence.PresenceHandlerTestCase.test_set_presence_from_syncing_multi_device_30_workers
tests.handlers.test_presence.PresenceHandlerTestCase.test_set_presence_from_syncing_multi_device_31_workers
tests.handlers.test_presence.PresenceHandlerTestCase.test_set_presence_from_syncing_not_set
tests.handlers.test_presence.PresenceHandlerTestCase.test_set_presence_with_status_msg_none
tests.handlers.test_presence.PresenceHandlerTestCase.test_untracked_does_not_idle
tests.handlers.test_presence.PresenceHandlerTestCase.test_user_goes_offline_by_timeout_status_msg_remain
tests.handlers.test_presence.PresenceHandlerTestCase.test_user_goes_offline_manually_with_no_status_msg
tests.handlers.test_presence.PresenceHandlerTestCase.test_user_goes_offline_manually_with_status_msg
tests.handlers.test_presence.PresenceHandlerTestCase.test_user_reset_online_with_no_status
tests.handlers.test_worker_lock.WorkerLockWorkersTestCase.test_wait_for_lock_worker
===============================================================================
[SKIPPED]
Requires xmlsec1

tests.handlers.test_saml.SamlHandlerTestCase.test_attribute_requirements
tests.handlers.test_saml.SamlHandlerTestCase.test_map_saml_response_redirect
tests.handlers.test_saml.SamlHandlerTestCase.test_map_saml_response_to_existing_user
tests.handlers.test_saml.SamlHandlerTestCase.test_map_saml_response_to_invalid_localpart
tests.handlers.test_saml.SamlHandlerTestCase.test_map_saml_response_to_user
tests.handlers.test_saml.SamlHandlerTestCase.test_map_saml_response_to_user_retries
===============================================================================
[SKIPPED]
`BaseFederationServlet` does not support cancellation yet.

tests.federation.transport.server.test__base.BaseFederationServletCancellationTests.test_cancellable_disconnect
tests.federation.transport.server.test__base.BaseFederationServletCancellationTests.test_uncancellable_disconnect
===============================================================================
[ERROR]
Traceback (most recent call last):
  File "/workspace/Blackout_server/.tox/py38/lib/python3.8/site-packages/twisted/trial/runner.py", line 616, in loadPackage
    module = modinfo.load()
  File "/workspace/Blackout_server/.tox/py38/lib/python3.8/site-packages/twisted/python/modules.py", line 393, in load
    return self.pathEntry.pythonPath.moduleLoader(self.name)
  File "/workspace/Blackout_server/.tox/py38/lib/python3.8/site-packages/twisted/python/reflect.py", line 297, in namedAny
    topLevelPackage = _importAndCheckStack(trialname)
  File "/workspace/Blackout_server/.tox/py38/lib/python3.8/site-packages/twisted/python/reflect.py", line 238, in _importAndCheckStack
    return __import__(importName)
  File "/workspace/Blackout_server/tests/handlers/test_room_member.py", line 28, in <module>
    class TestJoinsLimitedByPerRoomRateLimiter(FederatingHomeserverTestCase):
  File "/workspace/Blackout_server/tests/handlers/test_room_member.py", line 54, in TestJoinsLimitedByPerRoomRateLimiter
    ) -> tuple[FrozenEventV3, FrozenEventV3]:
builtins.TypeError: 'type' object is not subscriptable

tests.handlers.test_room_member
-------------------------------------------------------------------------------
Ran 602 tests in 182.057s

FAILED (skips=85, errors=1, successes=516)
ERROR: InvocationError for command /usr/bin/env PYTHONPATH=/workspace/Blackout_server COVERAGE_PROCESS_START=/workspace/Blackout_server/.coveragerc .tox/py38/bin/trial tests.blackout_runtime tests.handlers tests.federation (exited with code 1)
py39 create: /workspace/Blackout_server/.tox/py39
py39 installdeps: python-subunit, junitxml, coverage, coverage-enable-subprocess==1.0, setuptools>=18.5, pip>=10
py39 develop-inst: /workspace/Blackout_server
py39 installed: annotated-types==0.7.0,attrs==25.4.0,Authlib==1.6.9,Automat==25.4.16,bcrypt==5.0.0,# Editable Git install with no remote (blackout-server==1.98.0),-e /workspace/Blackout_server,bleach==6.2.0,canonicaljson==2.0.0,certifi==2026.2.25,cffi==2.0.0,charset-normalizer==3.4.6,constantly==23.10.4,coverage==7.10.7,coverage-enable-subprocess==1.0,cryptography==46.0.5,defusedxml==0.7.1,elementpath==4.8.0,hiredis==3.3.1,hyperlink==21.0.0,idna==3.11,ijson==3.5.0,immutabledict==4.3.1,Incremental==24.11.0,iso8601==2.1.0,jaeger-client==4.8.0,Jinja2==3.1.6,jsonschema==4.25.1,jsonschema-specifications==2025.9.1,junitxml==0.7,ldap3==2.9.1,lxml==6.0.2,MarkupSafe==3.0.3,matrix-common==1.3.0,matrix-synapse-ldap3==0.3.0,msgpack==1.1.2,multipart==1.3.1,netaddr==1.3.0,opentracing==2.4.0,packaging==26.0,parameterized==0.9.0,phonenumbers==9.0.26,pillow==11.3.0,prometheus_client==0.20.0,psycopg2==2.9.11,pyasn1==0.6.3,pyasn1_modules==0.4.2,pycparser==2.23,pydantic==2.12.5,pydantic_core==2.41.5,pyicu==2.16.1,pymacaroons==0.13.0,Pympler==1.1,PyNaCl==1.6.2,pyOpenSSL==26.0.0,pysaml2==7.5.0,python-dateutil==2.9.0.post0,python-subunit==1.4.4,pytz==2026.1.post1,PyYAML==6.0.3,referencing==0.36.2,requests==2.32.5,rpds-py==0.27.1,semantic-version==2.10.0,sentry-sdk==2.55.0,service-identity==24.2.0,setuptools-rust==1.12.0,signedjson==1.1.4,six==1.17.0,sortedcontainers==2.4.0,testtools==2.7.2,threadloop==1.0.2,thrift==0.22.0,tomli==2.4.0,tornado==6.5.5,treq==25.5.0,Twisted==25.5.0,txredisapi==1.4.11,typing-inspection==0.4.2,typing_extensions==4.15.0,unpaddedbase64==2.1.0,urllib3==2.6.3,webencodings==0.5.1,xmlschema==2.5.1,zope.interface==8.0.1
py39 run-test-pre: PYTHONHASHSEED='126579498'
py39 run-test: commands[0] | /usr/bin/env PYTHONPATH=/workspace/Blackout_server COVERAGE_PROCESS_START=/workspace/Blackout_server/.coveragerc /workspace/Blackout_server/.tox/py39/bin/trial tests.blackout_runtime tests.handlers tests.federation
tests
  blackout_runtime
    test_module_e2e ...                                                 [ERROR]
  handlers
    test_admin ...                                                      [ERROR]
    test_appservice ...                                                 [ERROR]
    test_auth ...                                                       [ERROR]
    test_cas ...                                                        [ERROR]
    test_deactivate_account ...                                         [ERROR]
    test_device ...                                                     [ERROR]
    test_directory ...                                                  [ERROR]
    test_e2e_keys ...                                                   [ERROR]
    test_e2e_room_keys ...                                              [ERROR]
    test_federation ...                                                 [ERROR]
    test_federation_event ...                                           [ERROR]
    test_message ...                                                    [ERROR]
    test_oauth_delegation ...                                           [ERROR]
    test_oidc ...                                                       [ERROR]
    test_password_providers ...                                         [ERROR]
    test_presence ...                                                   [ERROR]
    test_profile ...                                                    [ERROR]
    test_receipts ...                                                   [ERROR]
    test_register ...                                                   [ERROR]
    test_room ...                                                       [ERROR]
    test_room_member ...                                                [ERROR]
    test_room_summary ...                                               [ERROR]
    test_saml ...                                                       [ERROR]
    test_send_email ...                                                 [ERROR]
    test_sso ...                                                        [ERROR]
    test_stats ...                                                      [ERROR]
    test_sync ...                                                       [ERROR]
    test_typing ...                                                     [ERROR]
    test_user_directory ...                                             [ERROR]
    test_worker_lock ...                                                [ERROR]
  federation
    test_complexity ...                                                 [ERROR]
    test_federation_catch_up ...                                        [ERROR]
    test_federation_client ...                                          [ERROR]
    test_federation_sender ...                                          [ERROR]
    test_federation_server ...                                          [ERROR]
tests.federation.transport
  server
    test__base ...                                                      [ERROR]
tests.federation
  transport
    test_client ...                                                     [ERROR]
    test_knocking ...                                                   [ERROR]
    test_server ...                                                     [ERROR]

===============================================================================
[ERROR]
Traceback (most recent call last):
  File "/workspace/Blackout_server/.tox/py39/lib/python3.9/site-packages/twisted/trial/runner.py", line 616, in loadPackage
    module = modinfo.load()
  File "/workspace/Blackout_server/.tox/py39/lib/python3.9/site-packages/twisted/python/modules.py", line 393, in load
    return self.pathEntry.pythonPath.moduleLoader(self.name)
  File "/workspace/Blackout_server/.tox/py39/lib/python3.9/site-packages/twisted/python/reflect.py", line 297, in namedAny
    topLevelPackage = _importAndCheckStack(trialname)
  File "/workspace/Blackout_server/.tox/py39/lib/python3.9/site-packages/twisted/python/reflect.py", line 244, in _importAndCheckStack
    raise excValue.with_traceback(excTraceback)
  File "/workspace/Blackout_server/tests/blackout_runtime/test_module_e2e.py", line 3, in <module>
    from blackout_runtime.module import BlackoutRuntimeModule
  File "/workspace/Blackout_server/blackout_runtime/__init__.py", line 5, in <module>
    from .module import BLACKOUT_PRESENCE_ACCOUNT_DATA_TYPE, BlackoutRuntimeModule
  File "/workspace/Blackout_server/blackout_runtime/module.py", line 25, in <module>
    from synapse.http.server import DirectServeJsonResource
  File "/workspace/Blackout_server/synapse/http/server.py", line 68, in <module>
    from synapse.config.homeserver import HomeServerConfig
  File "/workspace/Blackout_server/synapse/config/__init__.py", line 15, in <module>
    from ._base import ConfigError, find_config_files
  File "/workspace/Blackout_server/synapse/config/_base.py", line 43, in <module>
    import pkg_resources
builtins.ModuleNotFoundError: No module named 'pkg_resources'

tests.blackout_runtime.test_module_e2e
===============================================================================
[ERROR]
Traceback (most recent call last):
  File "/workspace/Blackout_server/.tox/py39/lib/python3.9/site-packages/twisted/trial/runner.py", line 616, in loadPackage
    module = modinfo.load()
  File "/workspace/Blackout_server/.tox/py39/lib/python3.9/site-packages/twisted/python/modules.py", line 393, in load
    return self.pathEntry.pythonPath.moduleLoader(self.name)
  File "/workspace/Blackout_server/.tox/py39/lib/python3.9/site-packages/twisted/python/reflect.py", line 297, in namedAny
    topLevelPackage = _importAndCheckStack(trialname)
  File "/workspace/Blackout_server/.tox/py39/lib/python3.9/site-packages/twisted/python/reflect.py", line 244, in _importAndCheckStack
    raise excValue.with_traceback(excTraceback)
  File "/workspace/Blackout_server/tests/handlers/test_admin.py", line 20, in <module>
    import synapse.rest.admin
  File "/workspace/Blackout_server/synapse/rest/__init__.py", line 17, in <module>
    from synapse.http.server import HttpServer, JsonResource
  File "/workspace/Blackout_server/synapse/http/server.py", line 68, in <module>
    from synapse.config.homeserver import HomeServerConfig
  File "/workspace/Blackout_server/synapse/config/__init__.py", line 15, in <module>
    from ._base import ConfigError, find_config_files
  File "/workspace/Blackout_server/synapse/config/_base.py", line 43, in <module>
    import pkg_resources
builtins.ModuleNotFoundError: No module named 'pkg_resources'

tests.handlers.test_admin
===============================================================================
[ERROR]
Traceback (most recent call last):
  File "/workspace/Blackout_server/.tox/py39/lib/python3.9/site-packages/twisted/trial/runner.py", line 616, in loadPackage
    module = modinfo.load()
  File "/workspace/Blackout_server/.tox/py39/lib/python3.9/site-packages/twisted/python/modules.py", line 393, in load
    return self.pathEntry.pythonPath.moduleLoader(self.name)
  File "/workspace/Blackout_server/.tox/py39/lib/python3.9/site-packages/twisted/python/reflect.py", line 297, in namedAny
    topLevelPackage = _importAndCheckStack(trialname)
  File "/workspace/Blackout_server/.tox/py39/lib/python3.9/site-packages/twisted/python/reflect.py", line 244, in _importAndCheckStack
    raise excValue.with_traceback(excTraceback)
  File "/workspace/Blackout_server/tests/handlers/test_appservice.py", line 23, in <module>
    import synapse.rest.admin
  File "/workspace/Blackout_server/synapse/rest/__init__.py", line 17, in <module>
    from synapse.http.server import HttpServer, JsonResource
  File "/workspace/Blackout_server/synapse/http/server.py", line 68, in <module>
    from synapse.config.homeserver import HomeServerConfig
  File "/workspace/Blackout_server/synapse/config/__init__.py", line 15, in <module>
    from ._base import ConfigError, find_config_files
  File "/workspace/Blackout_server/synapse/config/_base.py", line 43, in <module>
    import pkg_resources
builtins.ModuleNotFoundError: No module named 'pkg_resources'

tests.handlers.test_appservice
===============================================================================
[ERROR]
Traceback (most recent call last):
  File "/workspace/Blackout_server/.tox/py39/lib/python3.9/site-packages/twisted/trial/runner.py", line 616, in loadPackage
    module = modinfo.load()
  File "/workspace/Blackout_server/.tox/py39/lib/python3.9/site-packages/twisted/python/modules.py", line 393, in load
    return self.pathEntry.pythonPath.moduleLoader(self.name)
  File "/workspace/Blackout_server/.tox/py39/lib/python3.9/site-packages/twisted/python/reflect.py", line 297, in namedAny
    topLevelPackage = _importAndCheckStack(trialname)
  File "/workspace/Blackout_server/.tox/py39/lib/python3.9/site-packages/twisted/python/reflect.py", line 244, in _importAndCheckStack
    raise excValue.with_traceback(excTraceback)
  File "/workspace/Blackout_server/tests/handlers/test_auth.py", line 22, in <module>
    from synapse.rest import admin
  File "/workspace/Blackout_server/synapse/rest/__init__.py", line 17, in <module>
    from synapse.http.server import HttpServer, JsonResource
  File "/workspace/Blackout_server/synapse/http/server.py", line 68, in <module>
    from synapse.config.homeserver import HomeServerConfig
  File "/workspace/Blackout_server/synapse/config/__init__.py", line 15, in <module>
    from ._base import ConfigError, find_config_files
  File "/workspace/Blackout_server/synapse/config/_base.py", line 43, in <module>
    import pkg_resources
builtins.ModuleNotFoundError: No module named 'pkg_resources'

tests.handlers.test_auth
===============================================================================
[ERROR]
Traceback (most recent call last):
  File "/workspace/Blackout_server/.tox/py39/lib/python3.9/site-packages/twisted/trial/runner.py", line 616, in loadPackage
    module = modinfo.load()
  File "/workspace/Blackout_server/.tox/py39/lib/python3.9/site-packages/twisted/python/modules.py", line 393, in load
    return self.pathEntry.pythonPath.moduleLoader(self.name)
  File "/workspace/Blackout_server/.tox/py39/lib/python3.9/site-packages/twisted/python/reflect.py", line 297, in namedAny
    topLevelPackage = _importAndCheckStack(trialname)
  File "/workspace/Blackout_server/.tox/py39/lib/python3.9/site-packages/twisted/python/reflect.py", line 244, in _importAndCheckStack
    raise excValue.with_traceback(excTraceback)
  File "/workspace/Blackout_server/tests/handlers/test_cas.py", line 19, in <module>
    from synapse.handlers.cas import CasResponse
  File "/workspace/Blackout_server/synapse/handlers/cas.py", line 24, in <module>
    from synapse.handlers.sso import MappingException, UserAttributes
  File "/workspace/Blackout_server/synapse/handlers/sso.py", line 41, in <module>
    from synapse.config.sso import SsoAttributeRequirement
  File "/workspace/Blackout_server/synapse/config/__init__.py", line 15, in <module>
    from ._base import ConfigError, find_config_files
  File "/workspace/Blackout_server/synapse/config/_base.py", line 43, in <module>
    import pkg_resources
builtins.ModuleNotFoundError: No module named 'pkg_resources'

tests.handlers.test_cas
===============================================================================
[ERROR]
Traceback (most recent call last):
  File "/workspace/Blackout_server/.tox/py39/lib/python3.9/site-packages/twisted/trial/runner.py", line 616, in loadPackage
    module = modinfo.load()
  File "/workspace/Blackout_server/.tox/py39/lib/python3.9/site-packages/twisted/python/modules.py", line 393, in load
    return self.pathEntry.pythonPath.moduleLoader(self.name)
  File "/workspace/Blackout_server/.tox/py39/lib/python3.9/site-packages/twisted/python/reflect.py", line 297, in namedAny
    topLevelPackage = _importAndCheckStack(trialname)
  File "/workspace/Blackout_server/.tox/py39/lib/python3.9/site-packages/twisted/python/reflect.py", line 244, in _importAndCheckStack
    raise excValue.with_traceback(excTraceback)
  File "/workspace/Blackout_server/tests/handlers/test_deactivate_account.py", line 23, in <module>
    from synapse.rest import admin
  File "/workspace/Blackout_server/synapse/rest/__init__.py", line 17, in <module>
    from synapse.http.server import HttpServer, JsonResource
  File "/workspace/Blackout_server/synapse/http/server.py", line 68, in <module>
    from synapse.config.homeserver import HomeServerConfig
  File "/workspace/Blackout_server/synapse/config/__init__.py", line 15, in <module>
    from ._base import ConfigError, find_config_files
  File "/workspace/Blackout_server/synapse/config/_base.py", line 43, in <module>
    import pkg_resources
builtins.ModuleNotFoundError: No module named 'pkg_resources'

tests.handlers.test_deactivate_account
===============================================================================
[ERROR]
Traceback (most recent call last):
  File "/workspace/Blackout_server/.tox/py39/lib/python3.9/site-packages/twisted/trial/runner.py", line 616, in loadPackage
    module = modinfo.load()
  File "/workspace/Blackout_server/.tox/py39/lib/python3.9/site-packages/twisted/python/modules.py", line 393, in load
    return self.pathEntry.pythonPath.moduleLoader(self.name)
  File "/workspace/Blackout_server/.tox/py39/lib/python3.9/site-packages/twisted/python/reflect.py", line 297, in namedAny
    topLevelPackage = _importAndCheckStack(trialname)
  File "/workspace/Blackout_server/.tox/py39/lib/python3.9/site-packages/twisted/python/reflect.py", line 244, in _importAndCheckStack
    raise excValue.with_traceback(excTraceback)
  File "/workspace/Blackout_server/tests/handlers/test_device.py", line 25, in <module>
    from synapse.appservice import ApplicationService
  File "/workspace/Blackout_server/synapse/appservice/__init__.py", line 25, in <module>
    from synapse.events import EventBase
  File "/workspace/Blackout_server/synapse/events/__init__.py", line 42, in <module>
    from synapse.util.caches import intern_dict
  File "/workspace/Blackout_server/synapse/util/caches/__init__.py", line 26, in <module>
    from synapse.config.cache import add_resizable_cache
  File "/workspace/Blackout_server/synapse/config/__init__.py", line 15, in <module>
    from ._base import ConfigError, find_config_files
  File "/workspace/Blackout_server/synapse/config/_base.py", line 43, in <module>
    import pkg_resources
builtins.ModuleNotFoundError: No module named 'pkg_resources'

tests.handlers.test_device
===============================================================================
[ERROR]
Traceback (most recent call last):
  File "/workspace/Blackout_server/.tox/py39/lib/python3.9/site-packages/twisted/trial/runner.py", line 616, in loadPackage
    module = modinfo.load()
  File "/workspace/Blackout_server/.tox/py39/lib/python3.9/site-packages/twisted/python/modules.py", line 393, in load
    return self.pathEntry.pythonPath.moduleLoader(self.name)
  File "/workspace/Blackout_server/.tox/py39/lib/python3.9/site-packages/twisted/python/reflect.py", line 297, in namedAny
    topLevelPackage = _importAndCheckStack(trialname)
  File "/workspace/Blackout_server/.tox/py39/lib/python3.9/site-packages/twisted/python/reflect.py", line 244, in _importAndCheckStack
    raise excValue.with_traceback(excTraceback)
  File "/workspace/Blackout_server/tests/handlers/test_directory.py", line 21, in <module>
    import synapse.rest.admin
  File "/workspace/Blackout_server/synapse/rest/__init__.py", line 17, in <module>
    from synapse.http.server import HttpServer, JsonResource
  File "/workspace/Blackout_server/synapse/http/server.py", line 68, in <module>
    from synapse.config.homeserver import HomeServerConfig
  File "/workspace/Blackout_server/synapse/config/__init__.py", line 15, in <module>
    from ._base import ConfigError, find_config_files
  File "/workspace/Blackout_server/synapse/config/_base.py", line 43, in <module>
    import pkg_resources
builtins.ModuleNotFoundError: No module named 'pkg_resources'

tests.handlers.test_directory
===============================================================================
[ERROR]
Traceback (most recent call last):
  File "/workspace/Blackout_server/.tox/py39/lib/python3.9/site-packages/twisted/trial/runner.py", line 616, in loadPackage
    module = modinfo.load()
  File "/workspace/Blackout_server/.tox/py39/lib/python3.9/site-packages/twisted/python/modules.py", line 393, in load
    return self.pathEntry.pythonPath.moduleLoader(self.name)
  File "/workspace/Blackout_server/.tox/py39/lib/python3.9/site-packages/twisted/python/reflect.py", line 297, in namedAny
    topLevelPackage = _importAndCheckStack(trialname)
  File "/workspace/Blackout_server/.tox/py39/lib/python3.9/site-packages/twisted/python/reflect.py", line 244, in _importAndCheckStack
    raise excValue.with_traceback(excTraceback)
  File "/workspace/Blackout_server/tests/handlers/test_e2e_keys.py", line 26, in <module>
    from synapse.appservice import ApplicationService
  File "/workspace/Blackout_server/synapse/appservice/__init__.py", line 25, in <module>
    from synapse.events import EventBase
  File "/workspace/Blackout_server/synapse/events/__init__.py", line 42, in <module>
    from synapse.util.caches import intern_dict
  File "/workspace/Blackout_server/synapse/util/caches/__init__.py", line 26, in <module>
    from synapse.config.cache import add_resizable_cache
  File "/workspace/Blackout_server/synapse/config/__init__.py", line 15, in <module>
    from ._base import ConfigError, find_config_files
  File "/workspace/Blackout_server/synapse/config/_base.py", line 43, in <module>
    import pkg_resources
builtins.ModuleNotFoundError: No module named 'pkg_resources'

tests.handlers.test_e2e_keys
===============================================================================
[ERROR]
Traceback (most recent call last):
  File "/workspace/Blackout_server/.tox/py39/lib/python3.9/site-packages/twisted/trial/runner.py", line 616, in loadPackage
    module = modinfo.load()
  File "/workspace/Blackout_server/.tox/py39/lib/python3.9/site-packages/twisted/python/modules.py", line 393, in load
    return self.pathEntry.pythonPath.moduleLoader(self.name)
  File "/workspace/Blackout_server/.tox/py39/lib/python3.9/site-packages/twisted/python/reflect.py", line 297, in namedAny
    topLevelPackage = _importAndCheckStack(trialname)
  File "/workspace/Blackout_server/.tox/py39/lib/python3.9/site-packages/twisted/python/reflect.py", line 244, in _importAndCheckStack
    raise excValue.with_traceback(excTraceback)
  File "/workspace/Blackout_server/tests/handlers/test_e2e_room_keys.py", line 23, in <module>
    from synapse.server import HomeServer
  File "/workspace/Blackout_server/synapse/server.py", line 33, in <module>
    from synapse.api.auth import Auth
  File "/workspace/Blackout_server/synapse/api/auth/__init__.py", line 20, in <module>
    from synapse.appservice import ApplicationService
  File "/workspace/Blackout_server/synapse/appservice/__init__.py", line 25, in <module>
    from synapse.events import EventBase
  File "/workspace/Blackout_server/synapse/events/__init__.py", line 42, in <module>
    from synapse.util.caches import intern_dict
  File "/workspace/Blackout_server/synapse/util/caches/__init__.py", line 26, in <module>
    from synapse.config.cache import add_resizable_cache
  File "/workspace/Blackout_server/synapse/config/__init__.py", line 15, in <module>
    from ._base import ConfigError, find_config_files
  File "/workspace/Blackout_server/synapse/config/_base.py", line 43, in <module>
    import pkg_resources
builtins.ModuleNotFoundError: No module named 'pkg_resources'

tests.handlers.test_e2e_room_keys
===============================================================================
[ERROR]
Traceback (most recent call last):
  File "/workspace/Blackout_server/.tox/py39/lib/python3.9/site-packages/twisted/trial/runner.py", line 616, in loadPackage
    module = modinfo.load()
  File "/workspace/Blackout_server/.tox/py39/lib/python3.9/site-packages/twisted/python/modules.py", line 393, in load
    return self.pathEntry.pythonPath.moduleLoader(self.name)
  File "/workspace/Blackout_server/.tox/py39/lib/python3.9/site-packages/twisted/python/reflect.py", line 297, in namedAny
    topLevelPackage = _importAndCheckStack(trialname)
  File "/workspace/Blackout_server/.tox/py39/lib/python3.9/site-packages/twisted/python/reflect.py", line 244, in _importAndCheckStack
    raise excValue.with_traceback(excTraceback)
  File "/workspace/Blackout_server/tests/handlers/test_federation.py", line 31, in <module>
    from synapse.events import EventBase, make_event_from_dict
  File "/workspace/Blackout_server/synapse/events/__init__.py", line 42, in <module>
    from synapse.util.caches import intern_dict
  File "/workspace/Blackout_server/synapse/util/caches/__init__.py", line 26, in <module>
    from synapse.config.cache import add_resizable_cache
  File "/workspace/Blackout_server/synapse/config/__init__.py", line 15, in <module>
    from ._base import ConfigError, find_config_files
  File "/workspace/Blackout_server/synapse/config/_base.py", line 43, in <module>
    import pkg_resources
builtins.ModuleNotFoundError: No module named 'pkg_resources'

tests.handlers.test_federation
===============================================================================
[ERROR]
Traceback (most recent call last):
  File "/workspace/Blackout_server/.tox/py39/lib/python3.9/site-packages/twisted/trial/runner.py", line 616, in loadPackage
    module = modinfo.load()
  File "/workspace/Blackout_server/.tox/py39/lib/python3.9/site-packages/twisted/python/modules.py", line 393, in load
    return self.pathEntry.pythonPath.moduleLoader(self.name)
  File "/workspace/Blackout_server/.tox/py39/lib/python3.9/site-packages/twisted/python/reflect.py", line 297, in namedAny
    topLevelPackage = _importAndCheckStack(trialname)
  File "/workspace/Blackout_server/.tox/py39/lib/python3.9/site-packages/twisted/python/reflect.py", line 244, in _importAndCheckStack
    raise excValue.with_traceback(excTraceback)
  File "/workspace/Blackout_server/tests/handlers/test_federation_event.py", line 21, in <module>
    from synapse.event_auth import (
  File "/workspace/Blackout_server/synapse/event_auth.py", line 47, in <module>
    from synapse.storage.databases.main.events_worker import EventRedactBehaviour
  File "/workspace/Blackout_server/synapse/storage/__init__.py", line 34, in <module>
    from synapse.storage.databases import Databases
  File "/workspace/Blackout_server/synapse/storage/databases/__init__.py", line 18, in <module>
    from synapse.storage._base import SQLBaseStore
  File "/workspace/Blackout_server/synapse/storage/_base.py", line 20, in <module>
    from synapse.storage.database import make_in_list_sql_clause  # noqa: F401; noqa: F401
  File "/workspace/Blackout_server/synapse/storage/database.py", line 49, in <module>
    from synapse.config.database import DatabaseConnectionConfig
  File "/workspace/Blackout_server/synapse/config/__init__.py", line 15, in <module>
    from ._base import ConfigError, find_config_files
  File "/workspace/Blackout_server/synapse/config/_base.py", line 43, in <module>
    import pkg_resources
builtins.ModuleNotFoundError: No module named 'pkg_resources'

tests.handlers.test_federation_event
===============================================================================
[ERROR]
Traceback (most recent call last):
  File "/workspace/Blackout_server/.tox/py39/lib/python3.9/site-packages/twisted/trial/runner.py", line 616, in loadPackage
    module = modinfo.load()
  File "/workspace/Blackout_server/.tox/py39/lib/python3.9/site-packages/twisted/python/modules.py", line 393, in load
    return self.pathEntry.pythonPath.moduleLoader(self.name)
  File "/workspace/Blackout_server/.tox/py39/lib/python3.9/site-packages/twisted/python/reflect.py", line 297, in namedAny
    topLevelPackage = _importAndCheckStack(trialname)
  File "/workspace/Blackout_server/.tox/py39/lib/python3.9/site-packages/twisted/python/reflect.py", line 244, in _importAndCheckStack
    raise excValue.with_traceback(excTraceback)
  File "/workspace/Blackout_server/tests/handlers/test_message.py", line 21, in <module>
    from synapse.events import EventBase
  File "/workspace/Blackout_server/synapse/events/__init__.py", line 42, in <module>
    from synapse.util.caches import intern_dict
  File "/workspace/Blackout_server/synapse/util/caches/__init__.py", line 26, in <module>
    from synapse.config.cache import add_resizable_cache
  File "/workspace/Blackout_server/synapse/config/__init__.py", line 15, in <module>
    from ._base import ConfigError, find_config_files
  File "/workspace/Blackout_server/synapse/config/_base.py", line 43, in <module>
    import pkg_resources
builtins.ModuleNotFoundError: No module named 'pkg_resources'

tests.handlers.test_message
===============================================================================
[ERROR]
Traceback (most recent call last):
  File "/workspace/Blackout_server/.tox/py39/lib/python3.9/site-packages/twisted/trial/runner.py", line 616, in loadPackage
    module = modinfo.load()
  File "/workspace/Blackout_server/.tox/py39/lib/python3.9/site-packages/twisted/python/modules.py", line 393, in load
    return self.pathEntry.pythonPath.moduleLoader(self.name)
  File "/workspace/Blackout_server/.tox/py39/lib/python3.9/site-packages/twisted/python/reflect.py", line 297, in namedAny
    topLevelPackage = _importAndCheckStack(trialname)
  File "/workspace/Blackout_server/.tox/py39/lib/python3.9/site-packages/twisted/python/reflect.py", line 244, in _importAndCheckStack
    raise excValue.with_traceback(excTraceback)
  File "/workspace/Blackout_server/tests/handlers/test_oauth_delegation.py", line 39, in <module>
    from synapse.http.site import SynapseRequest
  File "/workspace/Blackout_server/synapse/http/site.py", line 30, in <module>
    from synapse.config.server import ListenerConfig
  File "/workspace/Blackout_server/synapse/config/__init__.py", line 15, in <module>
    from ._base import ConfigError, find_config_files
  File "/workspace/Blackout_server/synapse/config/_base.py", line 43, in <module>
    import pkg_resources
builtins.ModuleNotFoundError: No module named 'pkg_resources'

tests.handlers.test_oauth_delegation
===============================================================================
[ERROR]
Traceback (most recent call last):
  File "/workspace/Blackout_server/.tox/py39/lib/python3.9/site-packages/twisted/trial/runner.py", line 616, in loadPackage
    module = modinfo.load()
  File "/workspace/Blackout_server/.tox/py39/lib/python3.9/site-packages/twisted/python/modules.py", line 393, in load
    return self.pathEntry.pythonPath.moduleLoader(self.name)
  File "/workspace/Blackout_server/.tox/py39/lib/python3.9/site-packages/twisted/python/reflect.py", line 297, in namedAny
    topLevelPackage = _importAndCheckStack(trialname)
  File "/workspace/Blackout_server/.tox/py39/lib/python3.9/site-packages/twisted/python/reflect.py", line 244, in _importAndCheckStack
    raise excValue.with_traceback(excTraceback)
  File "/workspace/Blackout_server/tests/handlers/test_oidc.py", line 23, in <module>
    from synapse.handlers.sso import MappingException
  File "/workspace/Blackout_server/synapse/handlers/sso.py", line 41, in <module>
    from synapse.config.sso import SsoAttributeRequirement
  File "/workspace/Blackout_server/synapse/config/__init__.py", line 15, in <module>
    from ._base import ConfigError, find_config_files
  File "/workspace/Blackout_server/synapse/config/_base.py", line 43, in <module>
    import pkg_resources
builtins.ModuleNotFoundError: No module named 'pkg_resources'

tests.handlers.test_oidc
===============================================================================
[ERROR]
Traceback (most recent call last):
  File "/workspace/Blackout_server/.tox/py39/lib/python3.9/site-packages/twisted/trial/runner.py", line 616, in loadPackage
    module = modinfo.load()
  File "/workspace/Blackout_server/.tox/py39/lib/python3.9/site-packages/twisted/python/modules.py", line 393, in load
    return self.pathEntry.pythonPath.moduleLoader(self.name)
  File "/workspace/Blackout_server/.tox/py39/lib/python3.9/site-packages/twisted/python/reflect.py", line 297, in namedAny
    topLevelPackage = _importAndCheckStack(trialname)
  File "/workspace/Blackout_server/.tox/py39/lib/python3.9/site-packages/twisted/python/reflect.py", line 244, in _importAndCheckStack
    raise excValue.with_traceback(excTraceback)
  File "/workspace/Blackout_server/tests/handlers/test_password_providers.py", line 27, in <module>
    from synapse.module_api import ModuleApi
  File "/workspace/Blackout_server/synapse/module_api/__init__.py", line 44, in <module>
    from synapse.config import ConfigError
  File "/workspace/Blackout_server/synapse/config/__init__.py", line 15, in <module>
    from ._base import ConfigError, find_config_files
  File "/workspace/Blackout_server/synapse/config/_base.py", line 43, in <module>
    import pkg_resources
builtins.ModuleNotFoundError: No module named 'pkg_resources'

tests.handlers.test_password_providers
===============================================================================
[ERROR]
Traceback (most recent call last):
  File "/workspace/Blackout_server/.tox/py39/lib/python3.9/site-packages/twisted/trial/runner.py", line 616, in loadPackage
    module = modinfo.load()
  File "/workspace/Blackout_server/.tox/py39/lib/python3.9/site-packages/twisted/python/modules.py", line 393, in load
    return self.pathEntry.pythonPath.moduleLoader(self.name)
  File "/workspace/Blackout_server/.tox/py39/lib/python3.9/site-packages/twisted/python/reflect.py", line 297, in namedAny
    topLevelPackage = _importAndCheckStack(trialname)
  File "/workspace/Blackout_server/.tox/py39/lib/python3.9/site-packages/twisted/python/reflect.py", line 244, in _importAndCheckStack
    raise excValue.with_traceback(excTraceback)
  File "/workspace/Blackout_server/tests/handlers/test_presence.py", line 26, in <module>
    from synapse.events.builder import EventBuilder
  File "/workspace/Blackout_server/synapse/events/__init__.py", line 42, in <module>
    from synapse.util.caches import intern_dict
  File "/workspace/Blackout_server/synapse/util/caches/__init__.py", line 26, in <module>
    from synapse.config.cache import add_resizable_cache
  File "/workspace/Blackout_server/synapse/config/__init__.py", line 15, in <module>
    from ._base import ConfigError, find_config_files
  File "/workspace/Blackout_server/synapse/config/_base.py", line 43, in <module>
    import pkg_resources
builtins.ModuleNotFoundError: No module named 'pkg_resources'

tests.handlers.test_presence
===============================================================================
[ERROR]
Traceback (most recent call last):
  File "/workspace/Blackout_server/.tox/py39/lib/python3.9/site-packages/twisted/trial/runner.py", line 616, in loadPackage
    module = modinfo.load()
  File "/workspace/Blackout_server/.tox/py39/lib/python3.9/site-packages/twisted/python/modules.py", line 393, in load
    return self.pathEntry.pythonPath.moduleLoader(self.name)
  File "/workspace/Blackout_server/.tox/py39/lib/python3.9/site-packages/twisted/python/reflect.py", line 297, in namedAny
    topLevelPackage = _importAndCheckStack(trialname)
  File "/workspace/Blackout_server/.tox/py39/lib/python3.9/site-packages/twisted/python/reflect.py", line 244, in _importAndCheckStack
    raise excValue.with_traceback(excTraceback)
  File "/workspace/Blackout_server/tests/handlers/test_profile.py", line 23, in <module>
    from synapse.rest import admin
  File "/workspace/Blackout_server/synapse/rest/__init__.py", line 17, in <module>
    from synapse.http.server import HttpServer, JsonResource
  File "/workspace/Blackout_server/synapse/http/server.py", line 68, in <module>
    from synapse.config.homeserver import HomeServerConfig
  File "/workspace/Blackout_server/synapse/config/__init__.py", line 15, in <module>
    from ._base import ConfigError, find_config_files
  File "/workspace/Blackout_server/synapse/config/_base.py", line 43, in <module>
    import pkg_resources
builtins.ModuleNotFoundError: No module named 'pkg_resources'

tests.handlers.test_profile
===============================================================================
[ERROR]
Traceback (most recent call last):
  File "/workspace/Blackout_server/.tox/py39/lib/python3.9/site-packages/twisted/trial/runner.py", line 616, in loadPackage
    module = modinfo.load()
  File "/workspace/Blackout_server/.tox/py39/lib/python3.9/site-packages/twisted/python/modules.py", line 393, in load
    return self.pathEntry.pythonPath.moduleLoader(self.name)
  File "/workspace/Blackout_server/.tox/py39/lib/python3.9/site-packages/twisted/python/reflect.py", line 297, in namedAny
    topLevelPackage = _importAndCheckStack(trialname)
  File "/workspace/Blackout_server/.tox/py39/lib/python3.9/site-packages/twisted/python/reflect.py", line 244, in _importAndCheckStack
    raise excValue.with_traceback(excTraceback)
  File "/workspace/Blackout_server/tests/handlers/test_receipts.py", line 21, in <module>
    from synapse.server import HomeServer
  File "/workspace/Blackout_server/synapse/server.py", line 33, in <module>
    from synapse.api.auth import Auth
  File "/workspace/Blackout_server/synapse/api/auth/__init__.py", line 20, in <module>
    from synapse.appservice import ApplicationService
  File "/workspace/Blackout_server/synapse/appservice/__init__.py", line 25, in <module>
    from synapse.events import EventBase
  File "/workspace/Blackout_server/synapse/events/__init__.py", line 42, in <module>
    from synapse.util.caches import intern_dict
  File "/workspace/Blackout_server/synapse/util/caches/__init__.py", line 26, in <module>
    from synapse.config.cache import add_resizable_cache
  File "/workspace/Blackout_server/synapse/config/__init__.py", line 15, in <module>
    from ._base import ConfigError, find_config_files
  File "/workspace/Blackout_server/synapse/config/_base.py", line 43, in <module>
    import pkg_resources
builtins.ModuleNotFoundError: No module named 'pkg_resources'

tests.handlers.test_receipts
===============================================================================
[ERROR]
Traceback (most recent call last):
  File "/workspace/Blackout_server/.tox/py39/lib/python3.9/site-packages/twisted/trial/runner.py", line 616, in loadPackage
    module = modinfo.load()
  File "/workspace/Blackout_server/.tox/py39/lib/python3.9/site-packages/twisted/python/modules.py", line 393, in load
    return self.pathEntry.pythonPath.moduleLoader(self.name)
  File "/workspace/Blackout_server/.tox/py39/lib/python3.9/site-packages/twisted/python/reflect.py", line 297, in namedAny
    topLevelPackage = _importAndCheckStack(trialname)
  File "/workspace/Blackout_server/.tox/py39/lib/python3.9/site-packages/twisted/python/reflect.py", line 244, in _importAndCheckStack
    raise excValue.with_traceback(excTraceback)
  File "/workspace/Blackout_server/tests/handlers/test_register.py", line 20, in <module>
    from synapse.api.auth.internal import InternalAuth
  File "/workspace/Blackout_server/synapse/api/auth/__init__.py", line 20, in <module>
    from synapse.appservice import ApplicationService
  File "/workspace/Blackout_server/synapse/appservice/__init__.py", line 25, in <module>
    from synapse.events import EventBase
  File "/workspace/Blackout_server/synapse/events/__init__.py", line 42, in <module>
    from synapse.util.caches import intern_dict
  File "/workspace/Blackout_server/synapse/util/caches/__init__.py", line 26, in <module>
    from synapse.config.cache import add_resizable_cache
  File "/workspace/Blackout_server/synapse/config/__init__.py", line 15, in <module>
    from ._base import ConfigError, find_config_files
  File "/workspace/Blackout_server/synapse/config/_base.py", line 43, in <module>
    import pkg_resources
builtins.ModuleNotFoundError: No module named 'pkg_resources'

tests.handlers.test_register
===============================================================================
[ERROR]
Traceback (most recent call last):
  File "/workspace/Blackout_server/.tox/py39/lib/python3.9/site-packages/twisted/trial/runner.py", line 616, in loadPackage
    module = modinfo.load()
  File "/workspace/Blackout_server/.tox/py39/lib/python3.9/site-packages/twisted/python/modules.py", line 393, in load
    return self.pathEntry.pythonPath.moduleLoader(self.name)
  File "/workspace/Blackout_server/.tox/py39/lib/python3.9/site-packages/twisted/python/reflect.py", line 297, in namedAny
    topLevelPackage = _importAndCheckStack(trialname)
  File "/workspace/Blackout_server/.tox/py39/lib/python3.9/site-packages/twisted/python/reflect.py", line 244, in _importAndCheckStack
    raise excValue.with_traceback(excTraceback)
  File "/workspace/Blackout_server/tests/handlers/test_room.py", line 3, in <module>
    from synapse.rest.client import login, room
  File "/workspace/Blackout_server/synapse/rest/__init__.py", line 17, in <module>
    from synapse.http.server import HttpServer, JsonResource
  File "/workspace/Blackout_server/synapse/http/server.py", line 68, in <module>
    from synapse.config.homeserver import HomeServerConfig
  File "/workspace/Blackout_server/synapse/config/__init__.py", line 15, in <module>
    from ._base import ConfigError, find_config_files
  File "/workspace/Blackout_server/synapse/config/_base.py", line 43, in <module>
    import pkg_resources
builtins.ModuleNotFoundError: No module named 'pkg_resources'

tests.handlers.test_room
===============================================================================
[ERROR]
Traceback (most recent call last):
  File "/workspace/Blackout_server/.tox/py39/lib/python3.9/site-packages/twisted/trial/runner.py", line 616, in loadPackage
    module = modinfo.load()
  File "/workspace/Blackout_server/.tox/py39/lib/python3.9/site-packages/twisted/python/modules.py", line 393, in load
    return self.pathEntry.pythonPath.moduleLoader(self.name)
  File "/workspace/Blackout_server/.tox/py39/lib/python3.9/site-packages/twisted/python/reflect.py", line 297, in namedAny
    topLevelPackage = _importAndCheckStack(trialname)
  File "/workspace/Blackout_server/.tox/py39/lib/python3.9/site-packages/twisted/python/reflect.py", line 244, in _importAndCheckStack
    raise excValue.with_traceback(excTraceback)
  File "/workspace/Blackout_server/tests/handlers/test_room_member.py", line 5, in <module>
    import synapse.rest.admin
  File "/workspace/Blackout_server/synapse/rest/__init__.py", line 17, in <module>
    from synapse.http.server import HttpServer, JsonResource
  File "/workspace/Blackout_server/synapse/http/server.py", line 68, in <module>
    from synapse.config.homeserver import HomeServerConfig
  File "/workspace/Blackout_server/synapse/config/__init__.py", line 15, in <module>
    from ._base import ConfigError, find_config_files
  File "/workspace/Blackout_server/synapse/config/_base.py", line 43, in <module>
    import pkg_resources
builtins.ModuleNotFoundError: No module named 'pkg_resources'

tests.handlers.test_room_member
===============================================================================
[ERROR]
Traceback (most recent call last):
  File "/workspace/Blackout_server/.tox/py39/lib/python3.9/site-packages/twisted/trial/runner.py", line 616, in loadPackage
    module = modinfo.load()
  File "/workspace/Blackout_server/.tox/py39/lib/python3.9/site-packages/twisted/python/modules.py", line 393, in load
    return self.pathEntry.pythonPath.moduleLoader(self.name)
  File "/workspace/Blackout_server/.tox/py39/lib/python3.9/site-packages/twisted/python/reflect.py", line 297, in namedAny
    topLevelPackage = _importAndCheckStack(trialname)
  File "/workspace/Blackout_server/.tox/py39/lib/python3.9/site-packages/twisted/python/reflect.py", line 244, in _importAndCheckStack
    raise excValue.with_traceback(excTraceback)
  File "/workspace/Blackout_server/tests/handlers/test_room_summary.py", line 31, in <module>
    from synapse.events import make_event_from_dict
  File "/workspace/Blackout_server/synapse/events/__init__.py", line 42, in <module>
    from synapse.util.caches import intern_dict
  File "/workspace/Blackout_server/synapse/util/caches/__init__.py", line 26, in <module>
    from synapse.config.cache import add_resizable_cache
  File "/workspace/Blackout_server/synapse/config/__init__.py", line 15, in <module>
    from ._base import ConfigError, find_config_files
  File "/workspace/Blackout_server/synapse/config/_base.py", line 43, in <module>
    import pkg_resources
builtins.ModuleNotFoundError: No module named 'pkg_resources'

tests.handlers.test_room_summary
===============================================================================
[ERROR]
Traceback (most recent call last):
  File "/workspace/Blackout_server/.tox/py39/lib/python3.9/site-packages/twisted/trial/runner.py", line 616, in loadPackage
    module = modinfo.load()
  File "/workspace/Blackout_server/.tox/py39/lib/python3.9/site-packages/twisted/python/modules.py", line 393, in load
    return self.pathEntry.pythonPath.moduleLoader(self.name)
  File "/workspace/Blackout_server/.tox/py39/lib/python3.9/site-packages/twisted/python/reflect.py", line 297, in namedAny
    topLevelPackage = _importAndCheckStack(trialname)
  File "/workspace/Blackout_server/.tox/py39/lib/python3.9/site-packages/twisted/python/reflect.py", line 244, in _importAndCheckStack
    raise excValue.with_traceback(excTraceback)
  File "/workspace/Blackout_server/tests/handlers/test_saml.py", line 23, in <module>
    from synapse.module_api import ModuleApi
  File "/workspace/Blackout_server/synapse/module_api/__init__.py", line 44, in <module>
    from synapse.config import ConfigError
  File "/workspace/Blackout_server/synapse/config/__init__.py", line 15, in <module>
    from ._base import ConfigError, find_config_files
  File "/workspace/Blackout_server/synapse/config/_base.py", line 43, in <module>
    import pkg_resources
builtins.ModuleNotFoundError: No module named 'pkg_resources'

tests.handlers.test_saml
===============================================================================
[ERROR]
Traceback (most recent call last):
  File "/workspace/Blackout_server/.tox/py39/lib/python3.9/site-packages/twisted/trial/runner.py", line 616, in loadPackage
    module = modinfo.load()
  File "/workspace/Blackout_server/.tox/py39/lib/python3.9/site-packages/twisted/python/modules.py", line 393, in load
    return self.pathEntry.pythonPath.moduleLoader(self.name)
  File "/workspace/Blackout_server/.tox/py39/lib/python3.9/site-packages/twisted/python/reflect.py", line 297, in namedAny
    topLevelPackage = _importAndCheckStack(trialname)
  File "/workspace/Blackout_server/.tox/py39/lib/python3.9/site-packages/twisted/python/reflect.py", line 244, in _importAndCheckStack
    raise excValue.with_traceback(excTraceback)
  File "/workspace/Blackout_server/tests/handlers/test_send_email.py", line 29, in <module>
    from tests.server import FakeTransport
  File "/workspace/Blackout_server/tests/server.py", line 78, in <module>
    from synapse.config.database import DatabaseConnectionConfig
  File "/workspace/Blackout_server/synapse/config/__init__.py", line 15, in <module>
    from ._base import ConfigError, find_config_files
  File "/workspace/Blackout_server/synapse/config/_base.py", line 43, in <module>
    import pkg_resources
builtins.ModuleNotFoundError: No module named 'pkg_resources'

tests.handlers.test_send_email
===============================================================================
[ERROR]
Traceback (most recent call last):
  File "/workspace/Blackout_server/.tox/py39/lib/python3.9/site-packages/twisted/trial/runner.py", line 616, in loadPackage
    module = modinfo.load()
  File "/workspace/Blackout_server/.tox/py39/lib/python3.9/site-packages/twisted/python/modules.py", line 393, in load
    return self.pathEntry.pythonPath.moduleLoader(self.name)
  File "/workspace/Blackout_server/.tox/py39/lib/python3.9/site-packages/twisted/python/reflect.py", line 297, in namedAny
    topLevelPackage = _importAndCheckStack(trialname)
  File "/workspace/Blackout_server/.tox/py39/lib/python3.9/site-packages/twisted/python/reflect.py", line 244, in _importAndCheckStack
    raise excValue.with_traceback(excTraceback)
  File "/workspace/Blackout_server/tests/handlers/test_sso.py", line 20, in <module>
    from synapse.http.client import RawHeaders
  File "/workspace/Blackout_server/synapse/http/client.py", line 76, in <module>
    from synapse.http.proxyagent import ProxyAgent
  File "/workspace/Blackout_server/synapse/http/proxyagent.py", line 49, in <module>
    from synapse.config.workers import (
  File "/workspace/Blackout_server/synapse/config/__init__.py", line 15, in <module>
    from ._base import ConfigError, find_config_files
  File "/workspace/Blackout_server/synapse/config/_base.py", line 43, in <module>
    import pkg_resources
builtins.ModuleNotFoundError: No module named 'pkg_resources'

tests.handlers.test_sso
===============================================================================
[ERROR]
Traceback (most recent call last):
  File "/workspace/Blackout_server/.tox/py39/lib/python3.9/site-packages/twisted/trial/runner.py", line 616, in loadPackage
    module = modinfo.load()
  File "/workspace/Blackout_server/.tox/py39/lib/python3.9/site-packages/twisted/python/modules.py", line 393, in load
    return self.pathEntry.pythonPath.moduleLoader(self.name)
  File "/workspace/Blackout_server/.tox/py39/lib/python3.9/site-packages/twisted/python/reflect.py", line 297, in namedAny
    topLevelPackage = _importAndCheckStack(trialname)
  File "/workspace/Blackout_server/.tox/py39/lib/python3.9/site-packages/twisted/python/reflect.py", line 244, in _importAndCheckStack
    raise excValue.with_traceback(excTraceback)
  File "/workspace/Blackout_server/tests/handlers/test_stats.py", line 19, in <module>
    from synapse.rest import admin
  File "/workspace/Blackout_server/synapse/rest/__init__.py", line 17, in <module>
    from synapse.http.server import HttpServer, JsonResource
  File "/workspace/Blackout_server/synapse/http/server.py", line 68, in <module>
    from synapse.config.homeserver import HomeServerConfig
  File "/workspace/Blackout_server/synapse/config/__init__.py", line 15, in <module>
    from ._base import ConfigError, find_config_files
  File "/workspace/Blackout_server/synapse/config/_base.py", line 43, in <module>
    import pkg_resources
builtins.ModuleNotFoundError: No module named 'pkg_resources'

tests.handlers.test_stats
===============================================================================
[ERROR]
Traceback (most recent call last):
  File "/workspace/Blackout_server/.tox/py39/lib/python3.9/site-packages/twisted/trial/runner.py", line 616, in loadPackage
    module = modinfo.load()
  File "/workspace/Blackout_server/.tox/py39/lib/python3.9/site-packages/twisted/python/modules.py", line 393, in load
    return self.pathEntry.pythonPath.moduleLoader(self.name)
  File "/workspace/Blackout_server/.tox/py39/lib/python3.9/site-packages/twisted/python/reflect.py", line 297, in namedAny
    topLevelPackage = _importAndCheckStack(trialname)
  File "/workspace/Blackout_server/.tox/py39/lib/python3.9/site-packages/twisted/python/reflect.py", line 244, in _importAndCheckStack
    raise excValue.with_traceback(excTraceback)
  File "/workspace/Blackout_server/tests/handlers/test_sync.py", line 21, in <module>
    from synapse.api.filtering import Filtering
  File "/workspace/Blackout_server/synapse/api/filtering.py", line 39, in <module>
    from synapse.events import EventBase, relation_from_event
  File "/workspace/Blackout_server/synapse/events/__init__.py", line 42, in <module>
    from synapse.util.caches import intern_dict
  File "/workspace/Blackout_server/synapse/util/caches/__init__.py", line 26, in <module>
    from synapse.config.cache import add_resizable_cache
  File "/workspace/Blackout_server/synapse/config/__init__.py", line 15, in <module>
    from ._base import ConfigError, find_config_files
  File "/workspace/Blackout_server/synapse/config/_base.py", line 43, in <module>
    import pkg_resources
builtins.ModuleNotFoundError: No module named 'pkg_resources'

tests.handlers.test_sync
===============================================================================
[ERROR]
Traceback (most recent call last):
  File "/workspace/Blackout_server/.tox/py39/lib/python3.9/site-packages/twisted/trial/runner.py", line 616, in loadPackage
    module = modinfo.load()
  File "/workspace/Blackout_server/.tox/py39/lib/python3.9/site-packages/twisted/python/modules.py", line 393, in load
    return self.pathEntry.pythonPath.moduleLoader(self.name)
  File "/workspace/Blackout_server/.tox/py39/lib/python3.9/site-packages/twisted/python/reflect.py", line 297, in namedAny
    topLevelPackage = _importAndCheckStack(trialname)
  File "/workspace/Blackout_server/.tox/py39/lib/python3.9/site-packages/twisted/python/reflect.py", line 244, in _importAndCheckStack
    raise excValue.with_traceback(excTraceback)
  File "/workspace/Blackout_server/tests/handlers/test_typing.py", line 27, in <module>
    from synapse.federation.transport.server import TransportLayerServer
  File "/workspace/Blackout_server/synapse/federation/transport/server/__init__.py", line 21, in <module>
    from synapse.federation.transport.server._base import (
  File "/workspace/Blackout_server/synapse/federation/transport/server/_base.py", line 23, in <module>
    from synapse.api.urls import FEDERATION_V1_PREFIX
  File "/workspace/Blackout_server/synapse/api/urls.py", line 21, in <module>
    from synapse.config import ConfigError
  File "/workspace/Blackout_server/synapse/config/__init__.py", line 15, in <module>
    from ._base import ConfigError, find_config_files
  File "/workspace/Blackout_server/synapse/config/_base.py", line 43, in <module>
    import pkg_resources
builtins.ModuleNotFoundError: No module named 'pkg_resources'

tests.handlers.test_typing
===============================================================================
[ERROR]
Traceback (most recent call last):
  File "/workspace/Blackout_server/.tox/py39/lib/python3.9/site-packages/twisted/trial/runner.py", line 616, in loadPackage
    module = modinfo.load()
  File "/workspace/Blackout_server/.tox/py39/lib/python3.9/site-packages/twisted/python/modules.py", line 393, in load
    return self.pathEntry.pythonPath.moduleLoader(self.name)
  File "/workspace/Blackout_server/.tox/py39/lib/python3.9/site-packages/twisted/python/reflect.py", line 297, in namedAny
    topLevelPackage = _importAndCheckStack(trialname)
  File "/workspace/Blackout_server/.tox/py39/lib/python3.9/site-packages/twisted/python/reflect.py", line 244, in _importAndCheckStack
    raise excValue.with_traceback(excTraceback)
  File "/workspace/Blackout_server/tests/handlers/test_user_directory.py", line 20, in <module>
    import synapse.rest.admin
  File "/workspace/Blackout_server/synapse/rest/__init__.py", line 17, in <module>
    from synapse.http.server import HttpServer, JsonResource
  File "/workspace/Blackout_server/synapse/http/server.py", line 68, in <module>
    from synapse.config.homeserver import HomeServerConfig
  File "/workspace/Blackout_server/synapse/config/__init__.py", line 15, in <module>
    from ._base import ConfigError, find_config_files
  File "/workspace/Blackout_server/synapse/config/_base.py", line 43, in <module>
    import pkg_resources
builtins.ModuleNotFoundError: No module named 'pkg_resources'

tests.handlers.test_user_directory
===============================================================================
[ERROR]
Traceback (most recent call last):
  File "/workspace/Blackout_server/.tox/py39/lib/python3.9/site-packages/twisted/trial/runner.py", line 616, in loadPackage
    module = modinfo.load()
  File "/workspace/Blackout_server/.tox/py39/lib/python3.9/site-packages/twisted/python/modules.py", line 393, in load
    return self.pathEntry.pythonPath.moduleLoader(self.name)
  File "/workspace/Blackout_server/.tox/py39/lib/python3.9/site-packages/twisted/python/reflect.py", line 297, in namedAny
    topLevelPackage = _importAndCheckStack(trialname)
  File "/workspace/Blackout_server/.tox/py39/lib/python3.9/site-packages/twisted/python/reflect.py", line 244, in _importAndCheckStack
    raise excValue.with_traceback(excTraceback)
  File "/workspace/Blackout_server/tests/handlers/test_worker_lock.py", line 18, in <module>
    from synapse.server import HomeServer
  File "/workspace/Blackout_server/synapse/server.py", line 33, in <module>
    from synapse.api.auth import Auth
  File "/workspace/Blackout_server/synapse/api/auth/__init__.py", line 20, in <module>
    from synapse.appservice import ApplicationService
  File "/workspace/Blackout_server/synapse/appservice/__init__.py", line 25, in <module>
    from synapse.events import EventBase
  File "/workspace/Blackout_server/synapse/events/__init__.py", line 42, in <module>
    from synapse.util.caches import intern_dict
  File "/workspace/Blackout_server/synapse/util/caches/__init__.py", line 26, in <module>
    from synapse.config.cache import add_resizable_cache
  File "/workspace/Blackout_server/synapse/config/__init__.py", line 15, in <module>
    from ._base import ConfigError, find_config_files
  File "/workspace/Blackout_server/synapse/config/_base.py", line 43, in <module>
    import pkg_resources
builtins.ModuleNotFoundError: No module named 'pkg_resources'

tests.handlers.test_worker_lock
===============================================================================
[ERROR]
Traceback (most recent call last):
  File "/workspace/Blackout_server/.tox/py39/lib/python3.9/site-packages/twisted/trial/runner.py", line 616, in loadPackage
    module = modinfo.load()
  File "/workspace/Blackout_server/.tox/py39/lib/python3.9/site-packages/twisted/python/modules.py", line 393, in load
    return self.pathEntry.pythonPath.moduleLoader(self.name)
  File "/workspace/Blackout_server/.tox/py39/lib/python3.9/site-packages/twisted/python/reflect.py", line 297, in namedAny
    topLevelPackage = _importAndCheckStack(trialname)
  File "/workspace/Blackout_server/.tox/py39/lib/python3.9/site-packages/twisted/python/reflect.py", line 244, in _importAndCheckStack
    raise excValue.with_traceback(excTraceback)
  File "/workspace/Blackout_server/tests/federation/test_complexity.py", line 18, in <module>
    from synapse.rest import admin
  File "/workspace/Blackout_server/synapse/rest/__init__.py", line 17, in <module>
    from synapse.http.server import HttpServer, JsonResource
  File "/workspace/Blackout_server/synapse/http/server.py", line 68, in <module>
    from synapse.config.homeserver import HomeServerConfig
  File "/workspace/Blackout_server/synapse/config/__init__.py", line 15, in <module>
    from ._base import ConfigError, find_config_files
  File "/workspace/Blackout_server/synapse/config/_base.py", line 43, in <module>
    import pkg_resources
builtins.ModuleNotFoundError: No module named 'pkg_resources'

tests.federation.test_complexity
===============================================================================
[ERROR]
Traceback (most recent call last):
  File "/workspace/Blackout_server/.tox/py39/lib/python3.9/site-packages/twisted/trial/runner.py", line 616, in loadPackage
    module = modinfo.load()
  File "/workspace/Blackout_server/.tox/py39/lib/python3.9/site-packages/twisted/python/modules.py", line 393, in load
    return self.pathEntry.pythonPath.moduleLoader(self.name)
  File "/workspace/Blackout_server/.tox/py39/lib/python3.9/site-packages/twisted/python/reflect.py", line 297, in namedAny
    topLevelPackage = _importAndCheckStack(trialname)
  File "/workspace/Blackout_server/.tox/py39/lib/python3.9/site-packages/twisted/python/reflect.py", line 244, in _importAndCheckStack
    raise excValue.with_traceback(excTraceback)
  File "/workspace/Blackout_server/tests/federation/test_federation_catch_up.py", line 8, in <module>
    from synapse.events import EventBase
  File "/workspace/Blackout_server/synapse/events/__init__.py", line 42, in <module>
    from synapse.util.caches import intern_dict
  File "/workspace/Blackout_server/synapse/util/caches/__init__.py", line 26, in <module>
    from synapse.config.cache import add_resizable_cache
  File "/workspace/Blackout_server/synapse/config/__init__.py", line 15, in <module>
    from ._base import ConfigError, find_config_files
  File "/workspace/Blackout_server/synapse/config/_base.py", line 43, in <module>
    import pkg_resources
builtins.ModuleNotFoundError: No module named 'pkg_resources'

tests.federation.test_federation_catch_up
===============================================================================
[ERROR]
Traceback (most recent call last):
  File "/workspace/Blackout_server/.tox/py39/lib/python3.9/site-packages/twisted/trial/runner.py", line 616, in loadPackage
    module = modinfo.load()
  File "/workspace/Blackout_server/.tox/py39/lib/python3.9/site-packages/twisted/python/modules.py", line 393, in load
    return self.pathEntry.pythonPath.moduleLoader(self.name)
  File "/workspace/Blackout_server/.tox/py39/lib/python3.9/site-packages/twisted/python/reflect.py", line 297, in namedAny
    topLevelPackage = _importAndCheckStack(trialname)
  File "/workspace/Blackout_server/.tox/py39/lib/python3.9/site-packages/twisted/python/reflect.py", line 244, in _importAndCheckStack
    raise excValue.with_traceback(excTraceback)
  File "/workspace/Blackout_server/tests/federation/test_federation_client.py", line 24, in <module>
    from synapse.events import EventBase
  File "/workspace/Blackout_server/synapse/events/__init__.py", line 42, in <module>
    from synapse.util.caches import intern_dict
  File "/workspace/Blackout_server/synapse/util/caches/__init__.py", line 26, in <module>
    from synapse.config.cache import add_resizable_cache
  File "/workspace/Blackout_server/synapse/config/__init__.py", line 15, in <module>
    from ._base import ConfigError, find_config_files
  File "/workspace/Blackout_server/synapse/config/_base.py", line 43, in <module>
    import pkg_resources
builtins.ModuleNotFoundError: No module named 'pkg_resources'

tests.federation.test_federation_client
===============================================================================
[ERROR]
Traceback (most recent call last):
  File "/workspace/Blackout_server/.tox/py39/lib/python3.9/site-packages/twisted/trial/runner.py", line 616, in loadPackage
    module = modinfo.load()
  File "/workspace/Blackout_server/.tox/py39/lib/python3.9/site-packages/twisted/python/modules.py", line 393, in load
    return self.pathEntry.pythonPath.moduleLoader(self.name)
  File "/workspace/Blackout_server/.tox/py39/lib/python3.9/site-packages/twisted/python/reflect.py", line 297, in namedAny
    topLevelPackage = _importAndCheckStack(trialname)
  File "/workspace/Blackout_server/.tox/py39/lib/python3.9/site-packages/twisted/python/reflect.py", line 244, in _importAndCheckStack
    raise excValue.with_traceback(excTraceback)
  File "/workspace/Blackout_server/tests/federation/test_federation_sender.py", line 24, in <module>
    from synapse.federation.send_queue import FederationRemoteSendQueue
  File "/workspace/Blackout_server/synapse/federation/send_queue.py", line 49, in <module>
    from synapse.federation.sender import AbstractFederationSender, FederationSender
  File "/workspace/Blackout_server/synapse/federation/sender/__init__.py", line 149, in <module>
    from synapse.events import EventBase
  File "/workspace/Blackout_server/synapse/events/__init__.py", line 42, in <module>
    from synapse.util.caches import intern_dict
  File "/workspace/Blackout_server/synapse/util/caches/__init__.py", line 26, in <module>
    from synapse.config.cache import add_resizable_cache
  File "/workspace/Blackout_server/synapse/config/__init__.py", line 15, in <module>
    from ._base import ConfigError, find_config_files
  File "/workspace/Blackout_server/synapse/config/_base.py", line 43, in <module>
    import pkg_resources
builtins.ModuleNotFoundError: No module named 'pkg_resources'

tests.federation.test_federation_sender
===============================================================================
[ERROR]
Traceback (most recent call last):
  File "/workspace/Blackout_server/.tox/py39/lib/python3.9/site-packages/twisted/trial/runner.py", line 616, in loadPackage
    module = modinfo.load()
  File "/workspace/Blackout_server/.tox/py39/lib/python3.9/site-packages/twisted/python/modules.py", line 393, in load
    return self.pathEntry.pythonPath.moduleLoader(self.name)
  File "/workspace/Blackout_server/.tox/py39/lib/python3.9/site-packages/twisted/python/reflect.py", line 297, in namedAny
    topLevelPackage = _importAndCheckStack(trialname)
  File "/workspace/Blackout_server/.tox/py39/lib/python3.9/site-packages/twisted/python/reflect.py", line 244, in _importAndCheckStack
    raise excValue.with_traceback(excTraceback)
  File "/workspace/Blackout_server/tests/federation/test_federation_server.py", line 23, in <module>
    from synapse.config.server import DEFAULT_ROOM_VERSION
  File "/workspace/Blackout_server/synapse/config/__init__.py", line 15, in <module>
    from ._base import ConfigError, find_config_files
  File "/workspace/Blackout_server/synapse/config/_base.py", line 43, in <module>
    import pkg_resources
builtins.ModuleNotFoundError: No module named 'pkg_resources'

tests.federation.test_federation_server
===============================================================================
[ERROR]
Traceback (most recent call last):
  File "/workspace/Blackout_server/.tox/py39/lib/python3.9/site-packages/twisted/trial/runner.py", line 616, in loadPackage
    module = modinfo.load()
  File "/workspace/Blackout_server/.tox/py39/lib/python3.9/site-packages/twisted/python/modules.py", line 393, in load
    return self.pathEntry.pythonPath.moduleLoader(self.name)
  File "/workspace/Blackout_server/.tox/py39/lib/python3.9/site-packages/twisted/python/reflect.py", line 297, in namedAny
    topLevelPackage = _importAndCheckStack(trialname)
  File "/workspace/Blackout_server/.tox/py39/lib/python3.9/site-packages/twisted/python/reflect.py", line 244, in _importAndCheckStack
    raise excValue.with_traceback(excTraceback)
  File "/workspace/Blackout_server/tests/federation/transport/server/test__base.py", line 21, in <module>
    from synapse.federation.transport.server import BaseFederationServlet
  File "/workspace/Blackout_server/synapse/federation/transport/server/__init__.py", line 21, in <module>
    from synapse.federation.transport.server._base import (
  File "/workspace/Blackout_server/synapse/federation/transport/server/_base.py", line 23, in <module>
    from synapse.api.urls import FEDERATION_V1_PREFIX
  File "/workspace/Blackout_server/synapse/api/urls.py", line 21, in <module>
    from synapse.config import ConfigError
  File "/workspace/Blackout_server/synapse/config/__init__.py", line 15, in <module>
    from ._base import ConfigError, find_config_files
  File "/workspace/Blackout_server/synapse/config/_base.py", line 43, in <module>
    import pkg_resources
builtins.ModuleNotFoundError: No module named 'pkg_resources'

tests.federation.transport.server.test__base
===============================================================================
[ERROR]
Traceback (most recent call last):
  File "/workspace/Blackout_server/.tox/py39/lib/python3.9/site-packages/twisted/trial/runner.py", line 616, in loadPackage
    module = modinfo.load()
  File "/workspace/Blackout_server/.tox/py39/lib/python3.9/site-packages/twisted/python/modules.py", line 393, in load
    return self.pathEntry.pythonPath.moduleLoader(self.name)
  File "/workspace/Blackout_server/.tox/py39/lib/python3.9/site-packages/twisted/python/reflect.py", line 297, in namedAny
    topLevelPackage = _importAndCheckStack(trialname)
  File "/workspace/Blackout_server/.tox/py39/lib/python3.9/site-packages/twisted/python/reflect.py", line 244, in _importAndCheckStack
    raise excValue.with_traceback(excTraceback)
  File "/workspace/Blackout_server/tests/federation/transport/test_client.py", line 22, in <module>
    from synapse.federation.transport.client import SendJoinParser
  File "/workspace/Blackout_server/synapse/federation/transport/client.py", line 40, in <module>
    from synapse.api.urls import (
  File "/workspace/Blackout_server/synapse/api/urls.py", line 21, in <module>
    from synapse.config import ConfigError
  File "/workspace/Blackout_server/synapse/config/__init__.py", line 15, in <module>
    from ._base import ConfigError, find_config_files
  File "/workspace/Blackout_server/synapse/config/_base.py", line 43, in <module>
    import pkg_resources
builtins.ModuleNotFoundError: No module named 'pkg_resources'

tests.federation.transport.test_client
===============================================================================
[ERROR]
Traceback (most recent call last):
  File "/workspace/Blackout_server/.tox/py39/lib/python3.9/site-packages/twisted/trial/runner.py", line 616, in loadPackage
    module = modinfo.load()
  File "/workspace/Blackout_server/.tox/py39/lib/python3.9/site-packages/twisted/python/modules.py", line 393, in load
    return self.pathEntry.pythonPath.moduleLoader(self.name)
  File "/workspace/Blackout_server/.tox/py39/lib/python3.9/site-packages/twisted/python/reflect.py", line 297, in namedAny
    topLevelPackage = _importAndCheckStack(trialname)
  File "/workspace/Blackout_server/.tox/py39/lib/python3.9/site-packages/twisted/python/reflect.py", line 244, in _importAndCheckStack
    raise excValue.with_traceback(excTraceback)
  File "/workspace/Blackout_server/tests/federation/transport/test_knocking.py", line 21, in <module>
    from synapse.events import EventBase, builder
  File "/workspace/Blackout_server/synapse/events/__init__.py", line 42, in <module>
    from synapse.util.caches import intern_dict
  File "/workspace/Blackout_server/synapse/util/caches/__init__.py", line 26, in <module>
    from synapse.config.cache import add_resizable_cache
  File "/workspace/Blackout_server/synapse/config/__init__.py", line 15, in <module>
    from ._base import ConfigError, find_config_files
  File "/workspace/Blackout_server/synapse/config/_base.py", line 43, in <module>
    import pkg_resources
builtins.ModuleNotFoundError: No module named 'pkg_resources'

tests.federation.transport.test_knocking
===============================================================================
[ERROR]
Traceback (most recent call last):
  File "/workspace/Blackout_server/.tox/py39/lib/python3.9/site-packages/twisted/trial/runner.py", line 616, in loadPackage
    module = modinfo.load()
  File "/workspace/Blackout_server/.tox/py39/lib/python3.9/site-packages/twisted/python/modules.py", line 393, in load
    return self.pathEntry.pythonPath.moduleLoader(self.name)
  File "/workspace/Blackout_server/.tox/py39/lib/python3.9/site-packages/twisted/python/reflect.py", line 297, in namedAny
    topLevelPackage = _importAndCheckStack(trialname)
  File "/workspace/Blackout_server/.tox/py39/lib/python3.9/site-packages/twisted/python/reflect.py", line 244, in _importAndCheckStack
    raise excValue.with_traceback(excTraceback)
  File "/workspace/Blackout_server/tests/federation/transport/test_server.py", line 17, in <module>
    from tests import unittest
  File "/workspace/Blackout_server/tests/unittest.py", line 56, in <module>
    from synapse import events
  File "/workspace/Blackout_server/synapse/events/__init__.py", line 42, in <module>
    from synapse.util.caches import intern_dict
  File "/workspace/Blackout_server/synapse/util/caches/__init__.py", line 26, in <module>
    from synapse.config.cache import add_resizable_cache
  File "/workspace/Blackout_server/synapse/config/__init__.py", line 15, in <module>
    from ._base import ConfigError, find_config_files
  File "/workspace/Blackout_server/synapse/config/_base.py", line 43, in <module>
    import pkg_resources
builtins.ModuleNotFoundError: No module named 'pkg_resources'

tests.federation.transport.test_server
-------------------------------------------------------------------------------
Ran 40 tests in 0.038s

FAILED (errors=40)
ERROR: InvocationError for command /usr/bin/env PYTHONPATH=/workspace/Blackout_server COVERAGE_PROCESS_START=/workspace/Blackout_server/.coveragerc .tox/py39/bin/trial tests.blackout_runtime tests.handlers tests.federation (exited with code 1)
py310 recreate: /workspace/Blackout_server/.tox/py310
py310 installdeps: python-subunit, junitxml, coverage, coverage-enable-subprocess==1.0, setuptools>=18.5, pip>=10
py310 develop-inst: /workspace/Blackout_server
py310 installed: annotated-types==0.7.0,attrs==25.4.0,Authlib==1.6.9,Automat==25.4.16,bcrypt==5.0.0,# Editable Git install with no remote (blackout-server==1.98.0),-e /workspace/Blackout_server,bleach==6.3.0,canonicaljson==2.0.0,certifi==2026.2.25,cffi==2.0.0,charset-normalizer==3.4.6,constantly==23.10.4,coverage==7.13.5,coverage-enable-subprocess==1.0,cryptography==46.0.5,defusedxml==0.7.1,elementpath==4.8.0,hiredis==3.3.1,hyperlink==21.0.0,idna==3.11,ijson==3.5.0,immutabledict==4.3.1,Incremental==24.11.0,iso8601==2.1.0,jaeger-client==4.8.0,Jinja2==3.1.6,jsonschema==4.26.0,jsonschema-specifications==2025.9.1,junitxml==0.7,ldap3==2.9.1,lxml==6.0.2,MarkupSafe==3.0.3,matrix-common==1.3.0,matrix-synapse-ldap3==0.4.0,msgpack==1.1.2,multipart==1.3.1,netaddr==1.3.0,opentracing==2.4.0,packaging==26.0,parameterized==0.9.0,phonenumbers==9.0.26,pillow==12.1.1,prometheus_client==0.20.0,psycopg2==2.9.11,pyasn1==0.6.3,pyasn1_modules==0.4.2,pycparser==3.0,pydantic==2.12.5,pydantic_core==2.41.5,pyicu==2.16.1,pymacaroons==0.13.0,Pympler==1.1,PyNaCl==1.6.2,pyOpenSSL==26.0.0,pysaml2==7.5.0,python-dateutil==2.9.0.post0,python-subunit==1.4.5,pytz==2026.1.post1,PyYAML==6.0.3,referencing==0.37.0,requests==2.32.5,rpds-py==0.30.0,semantic-version==2.10.0,sentry-sdk==2.55.0,service-identity==24.2.0,setuptools-rust==1.12.0,signedjson==1.1.4,six==1.17.0,sortedcontainers==2.4.0,testtools==2.8.7,threadloop==1.0.2,thrift==0.22.0,tomli==2.4.0,tornado==6.5.5,treq==25.5.0,Twisted==25.5.0,txredisapi==1.4.11,typing-inspection==0.4.2,typing_extensions==4.15.0,unpaddedbase64==2.1.0,urllib3==2.6.3,webencodings==0.5.1,xmlschema==2.5.1,zope.interface==8.2
py310 run-test-pre: PYTHONHASHSEED='126579498'
py310 run-test: commands[0] | /usr/bin/env PYTHONPATH=/workspace/Blackout_server COVERAGE_PROCESS_START=/workspace/Blackout_server/.coveragerc /workspace/Blackout_server/.tox/py310/bin/trial tests.blackout_runtime tests.handlers tests.federation
tests.blackout_runtime.test_module_e2e
  BlackoutRuntimeModuleE2ETestCase
    test_governance_and_reputation_synapse_api_endpoints_live ...          [OK]
    test_vote_uniqueness_and_rate_limiting ...                             [OK]
tests.handlers.test_admin
  ExfiltrateData
    test_account_data ...                                                  [OK]
    test_connections ...                                                   [OK]
    test_devices ...                                                       [OK]
    test_invite ...                                                        [OK]
    test_knock ...                                                         [OK]
    test_media_ids ...                                                     [OK]
    test_profile ...                                                       [OK]
    test_single_left_rejoined_private_room ...                             [OK]
    test_single_left_room ...                                              [OK]
    test_single_private_joined_room ...                                    [OK]
    test_single_public_joined_room ...                                     [OK]
tests.handlers.test_appservice
  AppServiceHandlerTestCase
    test_get_3pe_protocols_multiple_info ...                               [OK]
    test_get_3pe_protocols_multiple_protocol ...                           [OK]
    test_get_3pe_protocols_no_appservices ...                              [OK]
    test_get_3pe_protocols_no_protocols ...                                [OK]
    test_get_3pe_protocols_one_protocol ...                                [OK]
    test_get_3pe_protocols_protocol_no_response ...                        [OK]
    test_get_3pe_protocols_select_one_protocol ...                         [OK]
    test_notify_interested_services ...                                    [OK]
    test_notify_interested_services_ephemeral ...                          [OK]
    test_notify_interested_services_ephemeral_out_of_order ...             [OK]
    test_query_room_alias_exists ...                                       [OK]
    test_query_user_exists_known_user ...                                  [OK]
    test_query_user_exists_unknown_user ...                                [OK]
  ApplicationServicesHandlerDeviceListsTestCase
    test_application_service_receives_device_list_updates_0 ...            [OK]
    test_application_service_receives_device_list_updates_1 ...            [OK]
    test_application_service_receives_device_list_updates_2 ...            [OK]
    test_application_service_receives_device_list_updates_3 ...            [OK]
  ApplicationServicesHandlerOtkCountsTestCase
    test_application_services_receive_otk_counts_and_fallback_key_usages_with_pdus ... [OK]
  ApplicationServicesHandlerSendEventsTestCase
    test_application_services_receive_bursts_of_to_device ...              [OK]
    test_application_services_receive_events_sent_by_interesting_local_user ... [OK]
    test_application_services_receive_local_to_device ...                  [OK]
    test_application_services_receive_local_to_device_for_many_users ...   [OK]
    test_match_interesting_room_members_0__local_as_user_test ...          [OK]
    test_match_interesting_room_members_1__remote_as_user_remote ...       [OK]
    test_sending_read_receipt_batches_to_application_services ...          [OK]
tests.handlers.test_auth
  AuthTestCase
    test_login_token_default_duration_expires_after_two_minutes ...        [OK]
    test_login_token_expires ...                                           [OK]
    test_login_token_gives_auth_provider ...                               [OK]
    test_login_token_gives_user_id ...                                     [OK]
    test_login_token_reuse_fails ...                                       [OK]
    test_macaroon_caveats ...                                              [OK]
    test_mau_limits_disabled ...                                           [OK]
    test_mau_limits_exceeded_large ...                                     [OK]
    test_mau_limits_not_exceeded ...                                       [OK]
    test_mau_limits_parity ...                                             [OK]
tests.handlers.test_cas
  CasHandlerTestCase
    test_map_cas_user_does_not_register_new_user ...                       [OK]
    test_map_cas_user_to_existing_user ...                                 [OK]
    test_map_cas_user_to_invalid_localpart ...                             [OK]
    test_map_cas_user_to_user ...                                          [OK]
    test_required_attributes ...                                           [OK]
tests.handlers.test_deactivate_account
  DeactivateAccountTestCase
    test_account_data_deleted_retroactively_by_background_update_if_deactivated ... [OK]
    test_account_data_preserved_by_background_update_if_not_deactivated ... [OK]
    test_deactivate_account_needs_auth ...                                 [OK]
    test_deactivate_account_starts_single_user_parter_loop ...             [OK]
    test_global_account_data_deleted_upon_deactivation ...                 [OK]
    test_ignored_users_deleted_upon_deactivation ...                       [OK]
    test_part_user_propagates_cancellation ...                             [OK]
    test_push_rules_deleted_upon_account_deactivation ...                  [OK]
    test_reject_pending_invites_logs_summary ...                           [OK]
    test_room_account_data_deleted_upon_deactivation ...                   [OK]
    test_start_user_parting_resets_guard_on_schedule_error ...             [OK]
    test_threepid_unbind_cancellation_propagates ...                       [OK]
    test_threepid_unbind_failure_aborts_deactivation ...                   [OK]
tests.handlers.test_device
  DehydrationTestCase
    test_dehydrate_and_rehydrate_device ...                                [OK]
    test_dehydrate_v2_and_fetch_events ...                                 [OK]
  DeviceTestCase
    test_delete_device ...                                                 [OK]
    test_delete_device_and_big_device_inbox ...                            [OK]
    test_delete_device_and_device_inbox ...                                [OK]
    test_device_id_is_made_up_if_unspecified ...                           [OK]
    test_device_is_created_if_doesnt_exist ...                             [OK]
    test_device_is_created_with_invalid_name ...                           [OK]
    test_device_is_preserved_if_exists ...                                 [OK]
    test_get_device ...                                                    [OK]
    test_get_devices_by_user ...                                           [OK]
    test_on_federation_query_user_devices_appservice ...                   [OK]
    test_on_federation_query_user_devices_includes_revoked_deleted_device ... [OK]
    test_update_device ...                                                 [OK]
    test_update_device_too_long_display_name ...                           [OK]
    test_update_unknown_device ...                                         [OK]
tests.handlers.test_directory
  CanonicalAliasTestCase
    test_remove_alias ...                                                  [OK]
    test_remove_other_alias ...                                            [OK]
  DirectoryTestCase
    test_get_local_association ...                                         [OK]
    test_get_remote_association ...                                        [OK]
    test_incoming_fed_query ...                                            [OK]
  TestCreateAlias
    test_create_alias_admin ...                                            [OK]
    test_create_alias_joined_room ...                                      [OK]
    test_create_alias_other_room ...                                       [OK]
  TestCreateAliasACL
    test_allowed ...                                                       [OK]
    test_allowed_during_creation ...                                       [OK]
    test_denied ...                                                        [OK]
    test_denied_during_creation ...                                        [OK]
  TestCreatePublishedRoomACL
    test_allowed_when_creating_private_room ...                            [OK]
    test_allowed_with_publication_permission ...                           [OK]
    test_can_create_as_private_room_after_rejection ...                    [OK]
    test_can_create_with_permission_after_rejection ...                    [OK]
    test_denied_publication_with_invalid_alias ...                         [OK]
    test_denied_without_publication_permission ...                         [OK]
  TestDeleteAlias
    test_delete_alias_admin ...                                            [OK]
    test_delete_alias_creator ...                                          [OK]
    test_delete_alias_not_allowed ...                                      [OK]
    test_delete_alias_sufficient_power ...                                 [OK]
  TestRoomListSearchDisabled
    test_disabling_room_list ...                                           [OK]
tests.handlers.test_e2e_keys
  E2eKeysHandlerTestCase
    test_change_one_time_keys ...                                          [OK]
    test_check_cross_signing_setup ...                                     [OK]
    test_claim_one_time_key ...                                            [OK]
    test_claim_one_time_key_bulk ...                                       [OK]
    test_fallback_key ...                                                  [OK]
    test_fallback_key_always_returned ...                                  [OK]
    test_fallback_key_bulk ...                                             [OK]
    test_query_all_devices_caches_result_0 ...                             [OK]
    test_query_all_devices_caches_result_1 ...                             [OK]
    test_query_all_devices_caches_result_2 ...                             [OK]
    test_query_appservice ...                                              [OK]
    test_query_appservice_with_fallback ...                                [OK]
    test_query_devices_remote_no_sync ...                                  [OK]
    test_query_devices_remote_sync ...                                     [OK]
    test_query_local_devices_appservice ...                                [OK]
    test_query_local_devices_no_devices ...                                [OK]
    test_replace_master_key ...                                            [OK]
    test_reupload_one_time_keys ...                                        [OK]
    test_reupload_signatures ...                                           [OK]
    test_self_signing_key_doesnt_show_up_as_device ...                     [OK]
    test_upload_signatures ...                                             [OK]
tests.handlers.test_e2e_room_keys
  E2eRoomKeysHandlerTestCase
    test_create_version ...                                                [OK]
    test_delete_missing_current_version ...                                [OK]
    test_delete_missing_version ...                                        [OK]
    test_delete_room_keys ...                                              [OK]
    test_delete_version ...                                                [OK]
    test_get_missing_backup ...                                            [OK]
    test_get_missing_current_version_info ...                              [OK]
    test_get_missing_room_keys ...                                         [OK]
    test_get_missing_version_info ...                                      [OK]
    test_update_bad_version ...                                            [OK]
    test_update_missing_version ...                                        [OK]
    test_update_omitted_version ...                                        [OK]
    test_update_version ...                                                [OK]
    test_upload_room_keys_bogus_version ...                                [OK]
    test_upload_room_keys_insert ...                                       [OK]
    test_upload_room_keys_merge ...                                        [OK]
    test_upload_room_keys_no_versions ...                                  [OK]
    test_upload_room_keys_wrong_version ...                                [OK]
tests.handlers.test_federation
  EventFromPduTestCase
    test_invalid_nested ...                                                [OK]
    test_invalid_numbers ...                                               [OK]
    test_valid_json ...                                                    [OK]
  FederationTestCase
    test_backfill_ignores_known_events ...                                 [OK]
    test_backfill_with_many_backward_extremities ...                       [OK]
    test_exchange_revoked_invite ...                                       [OK]
    test_invite_by_user_ratelimit ...                                      [OK]
    test_rejected_message_event_state ...                                  [OK]
    test_rejected_state_event_state ...                                    [OK]
  PartialJoinTestCase
    test_duplicate_partial_state_room_syncs ...                            [OK]
    test_failed_partial_join_is_clean ...                                  [OK]
    test_partial_state_room_sync_restart ...                               [OK]
tests.handlers.test_federation_event
  FederationEventBlackoutRevocationTests
    test_federation_ingress_allows_unmatched_revocation_records ... blackout mode enabled: forcing enable_media_repo=False
blackout mode enabled: forcing enable_search=False
       [OK]
    test_federation_ingress_rejects_inline_payload_without_offline_markers ... [OK]
    test_federation_ingress_rejects_invalid_chunk_merkle ...               [OK]
    test_federation_ingress_rejects_invalid_chunk_merkle_with_replication_factor ... [OK]
    test_federation_ingress_strips_inline_payload_when_offline_markers_present ... [OK]
  FederationEventHandlerTests
    test_backfill_process_previously_failed_pull_attempt_event_in_the_background ... [OK]
    test_backfill_signature_failure_does_not_fetch_same_prev_event_later ... [OK]
    test_process_pulled_event_clears_backfill_attempts_after_being_successfully_persisted ... [OK]
    test_process_pulled_event_records_failed_backfill_attempts ...         [OK]
    test_process_pulled_event_with_missing_state ...                       [OK]
    test_process_pulled_event_with_missing_state_where_prev_is_outlier ... [OK]
    test_process_pulled_event_with_rejected_missing_state ...              [OK]
tests.handlers.test_message
  BlackoutEventCreationTestCase
    test_blackout_signal_accepts_offline_retrieval_and_redundancy_metadata ... [OK]
    test_blackout_signal_gets_ttl ...                                      [OK]
    test_blackout_signal_rate_limited ...                                  [OK]
    test_blackout_signal_records_invalid_redundancy_metadata_metric ...    [OK]
    test_blackout_signal_rejects_inline_payload_without_external_fetch ... [OK]
    test_blackout_signal_rejects_inline_payload_without_offline_retrieval ... [OK]
    test_blackout_signal_rejects_invalid_chunk_hash ...                    [OK]
    test_blackout_signal_rejects_invalid_ice_candidate_shape ...           [OK]
    test_blackout_signal_rejects_invalid_merkle_root ...                   [OK]
    test_blackout_signal_rejects_missing_message_metadata ...              [OK]
    test_blackout_signal_rejects_non_sha256_chunk_hash ...                 [OK]
    test_blackout_signal_rejects_revoked_sender_key ...                    [OK]
    test_blackout_signal_rejects_unknown_fields ...                        [OK]
    test_non_signal_timeline_event_blocked ...                             [OK]
    test_room_encrypted_blocked_in_blackout_mode ...                       [OK]
    test_room_message_blocked_in_blackout_mode ...                         [OK]
  EventCreationTestCase
    test_duplicated_txn_id ...                                             [OK]
    test_duplicated_txn_id_one_call ...                                    [OK]
    test_when_empty_prev_events_allowed_create_event_with_empty_prev_events ... [OK]
    test_when_empty_prev_events_allowed_reject_event_with_empty_prev_events_and_auth_events ... [OK]
    test_when_empty_prev_events_not_allowed_reject_event_with_empty_prev_events ... [OK]
  ServerAclValidationTestCase
    test_allow_server_acl ...                                              [OK]
    test_deny_redact_server_acl ...                                        [OK]
    test_deny_server_acl_block_outselves ...                               [OK]
tests.handlers.test_oauth_delegation
  MSC3861OAuthDelegation
    test_3pid_endpoints ...                                                [OK]
    test_account_management_endpoints_removed ...                          [OK]
    test_active_admin ...                                                  [OK]
    test_active_admin_highest_privilege ...                                [OK]
    test_active_admin_not_user ...                                         [OK]
    test_active_guest_allowed ...                                          [OK]
    test_active_guest_not_allowed ...                                      [OK]
    test_active_no_scope ...                                               [OK]
    test_active_no_user_scope ...                                          [OK]
    test_active_user ...                                                   [OK]
    test_active_user_no_subject ...                                        [OK]
    test_active_user_with_device ...                                       [OK]
    test_admin_api_endpoints_removed ...                                   [OK]
    test_admin_token ...                                                   [OK]
    test_cross_signing ...                                                 [OK]
    test_device_management_endpoints_removed ...                           [OK]
    test_inactive_token ...                                                [OK]
    test_multiple_devices ...                                              [OK]
    test_openid_endpoints_removed ...                                      [OK]
    test_registration_endpoints_removed ...                                [OK]
    test_request_tracking ...                                              [OK]
    test_session_management_endpoints_removed ...                          [OK]
    test_uia_endpoints ...                                                 [OK]
    test_unavailable_introspection_endpoint ...                            [OK]
tests.handlers.test_oidc
  OidcHandlerTestCase
    test_attribute_requirements ...                                        [OK]
    test_attribute_requirements_contains ...                               [OK]
    test_attribute_requirements_mismatch ...                               [OK]
    test_callback ...                                                      [OK]
    test_callback_error ...                                                [OK]
    test_callback_session ...                                              [OK]
    test_config ...                                                        [OK]
    test_discovery ...                                                     [OK]
    test_empty_localpart ...                                               [OK]
    test_exchange_code ...                                                 [OK]
    test_exchange_code_jwt_key ...                                         [OK]
    test_exchange_code_no_auth ...                                         [OK]
    test_extra_attributes ...                                              [OK]
    test_load_jwks ...                                                     [OK]
    test_map_userinfo_to_existing_user ...                                 [OK]
    test_map_userinfo_to_invalid_localpart ...                             [OK]
    test_map_userinfo_to_user ...                                          [OK]
    test_map_userinfo_to_user_does_not_register_new_user ...               [OK]
    test_map_userinfo_to_user_retries ...                                  [OK]
    test_no_discovery ...                                                  [OK]
    test_null_localpart ...                                                [OK]
    test_redirect_request ...                                              [OK]
    test_redirect_request_with_code_challenge ...                          [OK]
    test_redirect_request_with_disabled_code_challenge ...                 [OK]
    test_redirect_request_with_forced_code_challenge ...                   [OK]
    test_skip_verification ...                                             [OK]
    test_validate_config ...                                               [OK]
tests.handlers.test_password_providers
  PasswordAuthProviderTests
    test_3pid_allowed ...                                                  [OK]
    test_custom_auth_no_local_user_fallback ...                            [OK]
    test_custom_auth_no_local_user_fallback_legacy ...                     [OK]
    test_custom_auth_password_disabled ...                                 [OK]
    test_custom_auth_password_disabled_legacy ...                          [OK]
    test_custom_auth_password_disabled_localdb_enabled ...                 [OK]
    test_custom_auth_password_disabled_localdb_enabled_legacy ...          [OK]
    test_custom_auth_provider_callback ...                                 [OK]
    test_custom_auth_provider_callback_legacy ...                          [OK]
    test_custom_auth_provider_login ...                                    [OK]
    test_custom_auth_provider_login_legacy ...                             [OK]
    test_custom_auth_provider_ui_auth ...                                  [OK]
    test_custom_auth_provider_ui_auth_legacy ...                           [OK]
    test_displayname ...                                                   [OK]
    test_displayname_uia ...                                               [OK]
    test_local_user_fallback_login_legacy ...                              [OK]
    test_local_user_fallback_ui_auth_legacy ...                            [OK]
    test_no_local_user_fallback_login_legacy ...                           [OK]
    test_no_local_user_fallback_ui_auth_legacy ...                         [OK]
    test_on_logged_out ...                                                 [OK]
    test_password_auth_disabled_legacy ...                                 [OK]
    test_password_custom_auth_password_disabled_login ...                  [OK]
    test_password_custom_auth_password_disabled_login_legacy ...           [OK]
    test_password_custom_auth_password_disabled_ui_auth ...                [OK]
    test_password_custom_auth_password_disabled_ui_auth_legacy ...         [OK]
    test_password_only_auth_progiver_login_legacy ...                      [OK]
    test_password_only_auth_provider_ui_auth_legacy ...                    [OK]
    test_username ...                                                      [OK]
    test_username_uia ...                                                  [OK]
tests.handlers.test_presence
  PresenceFederationQueueTestCase
    test_clear_queue_all ...                                               [OK]
    test_partially_clear_queue ...                                         [OK]
    test_send_and_get ...                                                  [OK]
    test_send_and_get_split ...                                            [OK]
  PresenceHandlerInitTestCase
    test_restored_presence_idles ...                                       [OK]
    test_restored_presence_online_after_sync_0_org_matrix_msc3026_busy ... [OK]
    test_restored_presence_online_after_sync_1_online ...                  [OK]
    test_restored_presence_online_after_sync_2_unavailable ...             [OK]
    test_restored_presence_online_after_sync_3_offline ...                 [OK]
  PresenceHandlerTestCase
    test_external_process_timeout ...                                 [SKIPPED]
    test_set_presence_from_non_syncing_multi_device_00_monolith ...   [SKIPPED]
    test_set_presence_from_non_syncing_multi_device_01_monolith ...   [SKIPPED]
    test_set_presence_from_non_syncing_multi_device_02_monolith ...   [SKIPPED]
    test_set_presence_from_non_syncing_multi_device_03_monolith ...   [SKIPPED]
    test_set_presence_from_non_syncing_multi_device_04_monolith ...   [SKIPPED]
    test_set_presence_from_non_syncing_multi_device_05_monolith ...   [SKIPPED]
    test_set_presence_from_non_syncing_multi_device_06_monolith ...   [SKIPPED]
    test_set_presence_from_non_syncing_multi_device_07_monolith ...   [SKIPPED]
    test_set_presence_from_non_syncing_multi_device_08_monolith ...   [SKIPPED]
    test_set_presence_from_non_syncing_multi_device_09_monolith ...   [SKIPPED]
    test_set_presence_from_non_syncing_multi_device_10_monolith ...   [SKIPPED]
    test_set_presence_from_non_syncing_multi_device_11_monolith ...   [SKIPPED]
    test_set_presence_from_non_syncing_multi_device_12_monolith ...   [SKIPPED]
    test_set_presence_from_non_syncing_multi_device_13_monolith ...   [SKIPPED]
    test_set_presence_from_non_syncing_multi_device_14_monolith ...   [SKIPPED]
    test_set_presence_from_non_syncing_multi_device_15_monolith ...   [SKIPPED]
    test_set_presence_from_non_syncing_multi_device_16_workers ...    [SKIPPED]
    test_set_presence_from_non_syncing_multi_device_17_workers ...    [SKIPPED]
    test_set_presence_from_non_syncing_multi_device_18_workers ...    [SKIPPED]
    test_set_presence_from_non_syncing_multi_device_19_workers ...    [SKIPPED]
    test_set_presence_from_non_syncing_multi_device_20_workers ...    [SKIPPED]
    test_set_presence_from_non_syncing_multi_device_21_workers ...    [SKIPPED]
    test_set_presence_from_non_syncing_multi_device_22_workers ...    [SKIPPED]
    test_set_presence_from_non_syncing_multi_device_23_workers ...    [SKIPPED]
    test_set_presence_from_non_syncing_multi_device_24_workers ...    [SKIPPED]
    test_set_presence_from_non_syncing_multi_device_25_workers ...    [SKIPPED]
    test_set_presence_from_non_syncing_multi_device_26_workers ...    [SKIPPED]
    test_set_presence_from_non_syncing_multi_device_27_workers ...    [SKIPPED]
    test_set_presence_from_non_syncing_multi_device_28_workers ...    [SKIPPED]
    test_set_presence_from_non_syncing_multi_device_29_workers ...    [SKIPPED]
    test_set_presence_from_non_syncing_multi_device_30_workers ...    [SKIPPED]
    test_set_presence_from_non_syncing_multi_device_31_workers ...    [SKIPPED]
    test_set_presence_from_syncing_is_set ...                         [SKIPPED]
    test_set_presence_from_syncing_keeps_busy_0 ...                   [SKIPPED]
    test_set_presence_from_syncing_keeps_busy_1 ...                   [SKIPPED]
    test_set_presence_from_syncing_keeps_status ...                   [SKIPPED]
    test_set_presence_from_syncing_multi_device_00_monolith ...       [SKIPPED]
    test_set_presence_from_syncing_multi_device_01_monolith ...       [SKIPPED]
    test_set_presence_from_syncing_multi_device_02_monolith ...       [SKIPPED]
    test_set_presence_from_syncing_multi_device_03_monolith ...       [SKIPPED]
    test_set_presence_from_syncing_multi_device_04_monolith ...       [SKIPPED]
    test_set_presence_from_syncing_multi_device_05_monolith ...       [SKIPPED]
    test_set_presence_from_syncing_multi_device_06_monolith ...       [SKIPPED]
    test_set_presence_from_syncing_multi_device_07_monolith ...       [SKIPPED]
    test_set_presence_from_syncing_multi_device_08_monolith ...       [SKIPPED]
    test_set_presence_from_syncing_multi_device_09_monolith ...       [SKIPPED]
    test_set_presence_from_syncing_multi_device_10_monolith ...       [SKIPPED]
    test_set_presence_from_syncing_multi_device_11_monolith ...       [SKIPPED]
    test_set_presence_from_syncing_multi_device_12_monolith ...       [SKIPPED]
    test_set_presence_from_syncing_multi_device_13_monolith ...       [SKIPPED]
    test_set_presence_from_syncing_multi_device_14_monolith ...       [SKIPPED]
    test_set_presence_from_syncing_multi_device_15_monolith ...       [SKIPPED]
    test_set_presence_from_syncing_multi_device_16_workers ...        [SKIPPED]
    test_set_presence_from_syncing_multi_device_17_workers ...        [SKIPPED]
    test_set_presence_from_syncing_multi_device_18_workers ...        [SKIPPED]
    test_set_presence_from_syncing_multi_device_19_workers ...        [SKIPPED]
    test_set_presence_from_syncing_multi_device_20_workers ...        [SKIPPED]
    test_set_presence_from_syncing_multi_device_21_workers ...        [SKIPPED]
    test_set_presence_from_syncing_multi_device_22_workers ...        [SKIPPED]
    test_set_presence_from_syncing_multi_device_23_workers ...        [SKIPPED]
    test_set_presence_from_syncing_multi_device_24_workers ...        [SKIPPED]
    test_set_presence_from_syncing_multi_device_25_workers ...        [SKIPPED]
    test_set_presence_from_syncing_multi_device_26_workers ...        [SKIPPED]
    test_set_presence_from_syncing_multi_device_27_workers ...        [SKIPPED]
    test_set_presence_from_syncing_multi_device_28_workers ...        [SKIPPED]
    test_set_presence_from_syncing_multi_device_29_workers ...        [SKIPPED]
    test_set_presence_from_syncing_multi_device_30_workers ...        [SKIPPED]
    test_set_presence_from_syncing_multi_device_31_workers ...        [SKIPPED]
    test_set_presence_from_syncing_not_set ...                        [SKIPPED]
    test_set_presence_with_status_msg_none ...                        [SKIPPED]
    test_untracked_does_not_idle ...                                  [SKIPPED]
    test_user_goes_offline_by_timeout_status_msg_remain ...           [SKIPPED]
    test_user_goes_offline_manually_with_no_status_msg ...            [SKIPPED]
    test_user_goes_offline_manually_with_status_msg ...               [SKIPPED]
    test_user_reset_online_with_no_status ...                         [SKIPPED]
  PresenceJoinTestCase
    test_remote_gets_presence_when_local_user_joins ...                    [OK]
    test_remote_joins ...                                                  [OK]
  PresenceTimeoutTestCase
    test_busy_no_idle ...                                                  [OK]
    test_federation_ping ...                                               [OK]
    test_federation_timeout ...                                            [OK]
    test_idle_timer ...                                                    [OK]
    test_last_active ...                                                   [OK]
    test_no_timeout ...                                                    [OK]
    test_sync_online ...                                                   [OK]
    test_sync_timeout ...                                                  [OK]
  PresenceUpdateTestCase
    test_offline_to_online ...                                             [OK]
    test_online_to_idle ...                                                [OK]
    test_online_to_offline ...                                             [OK]
    test_online_to_online ...                                              [OK]
    test_online_to_online_last_active ...                                  [OK]
    test_online_to_online_last_active_noop ...                             [OK]
    test_override_00_org_matrix_msc3026_busy ...                           [OK]
    test_override_01_org_matrix_msc3026_busy ...                           [OK]
    test_override_02_org_matrix_msc3026_busy ...                           [OK]
    test_override_03_online ...                                            [OK]
    test_override_04_online ...                                            [OK]
    test_override_05_online ...                                            [OK]
    test_override_06_unavailable ...                                       [OK]
    test_override_07_unavailable ...                                       [OK]
    test_override_08_unavailable ...                                       [OK]
    test_override_09_offline ...                                           [OK]
    test_override_10_offline ...                                           [OK]
    test_override_11_offline ...                                           [OK]
    test_persisting_presence_updates ...                                   [OK]
    test_remote_ping_timer ...                                             [OK]
tests.handlers.test_profile
  ProfileTestCase
    test_avatar_constraint_mime_type ...                                   [OK]
    test_avatar_constraint_on_local_server_with_port ...                   [OK]
    test_avatar_constraints_allow_empty_avatar_url ...                     [OK]
    test_avatar_constraints_file_size ...                                  [OK]
    test_avatar_constraints_missing ...                                    [OK]
    test_avatar_constraints_no_config ...                                  [OK]
    test_check_avatar_on_remote_server_0_remote ...                        [OK]
    test_check_avatar_on_remote_server_1_remote_1234 ...                   [OK]
    test_get_my_avatar ...                                                 [OK]
    test_get_my_name ...                                                   [OK]
    test_get_other_name ...                                                [OK]
    test_get_profile_empty_displayname ...                                 [OK]
    test_incoming_fed_query ...                                            [OK]
    test_set_my_avatar ...                                                 [OK]
    test_set_my_avatar_if_disabled ...                                     [OK]
    test_set_my_name ...                                                   [OK]
    test_set_my_name_if_disabled ...                                       [OK]
    test_set_my_name_noauth ...                                            [OK]
tests.handlers.test_receipts
  ReceiptsTestCase
    test_filters_out_event_with_only_private_receipts_and_ignores_the_rest ... [OK]
    test_filters_out_private_receipt ...                                   [OK]
    test_filters_out_private_receipt_and_ignores_rest ...                  [OK]
    test_filters_out_receipt_event_with_only_private_receipt_and_ignores_rest ... [OK]
    test_handles_empty_event ...                                           [OK]
    test_handles_string_data ...                                           [OK]
    test_leaves_our_private_and_their_public ...                           [OK]
    test_we_do_not_mutate ...                                              [OK]
tests.handlers.test_register
  RegistrationTestCase
    test_auto_create_auto_join_room_preset ...                             [OK]
    test_auto_create_auto_join_room_preset_guest ...                       [OK]
    test_auto_create_auto_join_room_preset_invalid_permissions ...         [OK]
    test_auto_create_auto_join_rooms ...                                   [OK]
    test_auto_create_auto_join_rooms_federated ...                         [OK]
    test_auto_create_auto_join_rooms_when_user_is_not_a_real_user ...      [OK]
    test_auto_create_auto_join_rooms_when_user_is_not_the_first_real_user ... [OK]
    test_auto_create_auto_join_rooms_when_user_is_the_first_real_user ...  [OK]
    test_auto_create_auto_join_rooms_with_no_rooms ...                     [OK]
    test_auto_create_auto_join_where_auto_create_is_false ...              [OK]
    test_auto_create_auto_join_where_no_consent ...                        [OK]
    test_auto_create_auto_join_where_room_is_another_domain ...            [OK]
    test_auto_join_mxid_localpart ...                                      [OK]
    test_auto_join_rooms_for_guests ...                                    [OK]
    test_get_or_create_user_mau_blocked ...                                [OK]
    test_get_or_create_user_mau_not_blocked ...                            [OK]
    test_if_user_exists ...                                                [OK]
    test_invalid_user_id ...                                               [OK]
    test_invalid_user_id_length ...                                        [OK]
    test_mau_limits_when_disabled ...                                      [OK]
    test_register_mau_blocked ...                                          [OK]
    test_register_not_support_user ...                                     [OK]
    test_register_support_user ...                                         [OK]
    test_spam_checker_deny ...                                             [OK]
    test_spam_checker_legacy_allow ...                                     [OK]
    test_spam_checker_legacy_deny ...                                      [OK]
    test_spam_checker_receives_sso_type ...                                [OK]
    test_spam_checker_shadow_ban ...                                       [OK]
    test_special_chars ...                                                 [OK]
    test_user_is_created_and_logged_in_if_doesnt_exist ...                 [OK]
  RemoteAutoJoinTestCase
    test_auto_create_auto_join_remote_room ...                             [OK]
tests.handlers.test_room
  EncryptedByDefaultTestCase
    test_encrypted_by_default_config_option_all ...                        [OK]
    test_encrypted_by_default_config_option_invite ...                     [OK]
    test_encrypted_by_default_config_option_off ...                        [OK]
tests.handlers.test_room_member
  RoomMemberMasterHandlerTestCase
    test_forget_when_not_left ...                                          [OK]
    test_leave_and_auto_forget ...                                         [OK]
    test_leave_and_forget ...                                              [OK]
    test_leave_and_forget_last_user ...                                    [OK]
    test_leave_and_unforget ...                                            [OK]
    test_rejoin_forgotten_by_user ...                                      [OK]
  TestJoinsLimitedByPerRoomRateLimiter
    test_local_user_local_joins_contribute_to_limit_and_are_limited ...    [OK]
    test_local_user_profile_edits_dont_contribute_to_limit ...             [OK]
    test_remote_joins_are_rate_limited_after_a_leave ...                   [OK]
    test_remote_joins_contribute_to_rate_limit ...                         [OK]
  TestReplicatedJoinsLimitedByPerRoomRateLimiter
    test_local_users_joining_on_another_worker_contribute_to_rate_limit ... [SKIPPED]
tests.handlers.test_room_summary
  RoomSummaryTestCase
    test_fed ...                                                           [OK]
    test_own_room ...                                                      [OK]
    test_visibility ...                                                    [OK]
  SpaceSummaryTestCase
    test_complex_space ...                                                 [OK]
    test_fed_caching ...                                                   [OK]
    test_fed_complex ...                                                   [OK]
    test_fed_filtering ...                                                 [OK]
    test_fed_invited ...                                                   [OK]
    test_filtering ...                                                     [OK]
    test_invalid_pagination_token ...                                      [OK]
    test_large_space ...                                                   [OK]
    test_max_depth ...                                                     [OK]
    test_pagination ...                                                    [OK]
    test_room_hierarchy_cache ...                                          [OK]
    test_room_hierarchy_cache_sharing ...                                  [OK]
    test_simple_space ...                                                  [OK]
    test_unknown_room_version ...                                          [OK]
    test_visibility ...                                                    [OK]
  TestSpaceSummarySort
    test_invalid_ordering_type ...                                         [OK]
    test_invalid_ordering_value ...                                        [OK]
    test_no_order_last ...                                                 [OK]
    test_order ...                                                         [OK]
    test_order_origin_server_ts ...                                        [OK]
    test_order_room_id ...                                                 [OK]
tests.handlers.test_saml
  SamlHandlerTestCase
    test_attribute_requirements ...                                   [SKIPPED]
    test_map_saml_response_redirect ...                               [SKIPPED]
    test_map_saml_response_to_existing_user ...                       [SKIPPED]
    test_map_saml_response_to_invalid_localpart ...                   [SKIPPED]
    test_map_saml_response_to_user ...                                [SKIPPED]
    test_map_saml_response_to_user_retries ...                        [SKIPPED]
tests.handlers.test_send_email
  SendEmailHandlerTestCaseIPv4
    test_send_email ...                                                    [OK]
    test_send_email_force_tls ...                                          [OK]
  SendEmailHandlerTestCaseIPv6
    test_send_email ...                                                    [OK]
    test_send_email_force_tls ...                                          [OK]
tests.handlers.test_sso
  TestSSOHandler
    test_set_avatar ...                                                    [OK]
    test_set_avatar_incorrect_mime_type ...                                [OK]
    test_set_avatar_too_big_image ...                                      [OK]
    test_skip_saving_avatar_when_not_changed ...                           [OK]
tests.handlers.test_stats
  StatsRoomTests
    test_banned ...                                                        [OK]
    test_create_room ...                                                   [OK]
    test_create_user ...                                                   [OK]
    test_incomplete_stats ...                                              [OK]
    test_initial_background_update ...                                     [OK]
    test_initial_room ...                                                  [OK]
    test_invited ...                                                       [OK]
    test_join_after_invite ...                                             [OK]
    test_join_after_leave ...                                              [OK]
    test_join_first_time ...                                               [OK]
    test_left ...                                                          [OK]
    test_send_state_event_nonoverwriting ...                               [OK]
    test_updating_profile_information_does_not_increase_joined_members_count ... [OK]
tests.handlers.test_sync
  SyncTestCase
    test_ban_wins_race_with_join ...                                       [OK]
    test_generate_sync_result_rejects_appservice_user ...                  [OK]
    test_unknown_room_version ...                                          [OK]
    test_wait_for_sync_for_user_auth_blocking ...                          [OK]
tests.handlers.test_typing
  TypingNotificationsTestCase
    test_started_typing_local ...                                          [OK]
    test_started_typing_remote_recv ...                                    [OK]
    test_started_typing_remote_recv_not_in_room ...                        [OK]
    test_started_typing_remote_send ...                                    [OK]
    test_stopped_typing ...                                                [OK]
    test_typing_timeout ...                                                [OK]
tests.handlers.test_user_directory
  TestUserDirSearchDisabled
    test_disabling_room_list ...                                           [OK]
  UserDirectoryRemoteProfileTestCase
    test_private_rooms_do_not_have_profiles_collected ...                  [OK]
    test_private_rooms_have_profiles_requested ...                         [OK]
    test_profile_requests_are_retried ...                                  [OK]
    test_public_rooms_have_profiles_collected ...                          [OK]
  UserDirectoryTestCase
    test_excludes_appservice_sender ...                                    [OK]
    test_excludes_appservices_user ...                                     [OK]
    test_excludes_deactivated_user ...                                     [OK]
    test_excludes_support_user ...                                         [OK]
    test_excludes_users_when_making_room_public ...                        [OK]
    test_handle_local_profile_change_with_appservice_sender ...            [OK]
    test_handle_local_profile_change_with_appservice_user ...              [OK]
    test_handle_local_profile_change_with_deactivated_user ...             [OK]
    test_handle_local_profile_change_with_support_user ...                 [OK]
    test_handle_user_deactivated_regular_user ...                          [OK]
    test_handle_user_deactivated_support_user ...                          [OK]
    test_ignore_display_names_with_null_codepoints ...                     [OK]
    test_initial_share_all_users ...                                       [OK]
    test_joining_private_room_with_excluded_user ...                       [OK]
    test_legacy_spam_checker ...                                           [OK]
    test_local_user_leaving_room_remains_in_user_directory ...             [OK]
    test_making_room_public_doesnt_alter_directory_entry ...               [OK]
    test_normal_user_pair ...                                              [OK]
    test_per_room_profile_doesnt_alter_directory_entry ...                 [OK]
    test_prefer_local_users ...                                            [OK]
    test_private_room ...                                                  [OK]
    test_process_join_after_server_leaves_room ...                         [OK]
    test_reactivation_makes_regular_user_searchable ...                    [OK]
    test_search_term_with_colon_in_it_does_not_raise ...                   [OK]
    test_spam_checker ...                                                  [OK]
    test_switching_from_private_to_public_to_private ...                   [OK]
    test_user_not_in_users_table ...                                       [OK]
tests.handlers.test_worker_lock
  WorkerLockTestCase
    test_wait_for_lock_locally ...                                         [OK]
  WorkerLockWorkersTestCase
    test_wait_for_lock_worker ...                                     [SKIPPED]
tests.federation.test_complexity
  RoomComplexityAdminTests
    test_join_too_large_admin ...                                          [OK]
    test_join_too_large_no_admin ...                                       [OK]
  RoomComplexityTests
    test_complexity_simple ...                                             [OK]
    test_join_too_large ...                                                [OK]
    test_join_too_large_admin ...                                          [OK]
    test_join_too_large_once_joined ...                                    [OK]
tests.federation.test_federation_catch_up
  FederationCatchUpTestCases
    test_catch_up_destination_rooms_tracking ...                           [OK]
    test_catch_up_from_blank_state ...                                     [OK]
    test_catch_up_is_not_blocked_by_remote_event_in_partial_state_room ... [OK]
    test_catch_up_last_successful_stream_ordering_tracking ...             [OK]
    test_catch_up_loop ...                                                 [OK]
    test_catch_up_on_synapse_startup ...                                   [OK]
    test_not_latest_event ...                                              [OK]
tests.federation.test_federation_client
  FederationClientTest
    test_backfill_invalid_signature_records_failed_pull_attempts ...       [OK]
    test_get_pdu ...                                                       [OK]
    test_get_pdu_event_from_cache_is_pristine ...                          [OK]
    test_get_pdu_propagates_cancellation ...                               [OK]
    test_get_pdu_returns_nothing_when_event_does_not_exist ...             [OK]
    test_get_pdu_skips_duplicate_destinations ...                          [OK]
    test_get_room_state ...                                                [OK]
    test_get_room_state_ids_rejects_missing_pdu_ids ...                    [OK]
    test_get_room_state_ids_rejects_non_list_pdu_ids ...                   [OK]
    test_timestamp_to_event_logs_warning_on_failure ...                    [OK]
tests.federation.test_federation_sender
  FederationSenderDevicesTestCases
    test_delete_devices ...                                                [OK]
    test_dont_send_device_updates_for_remote_users ...                     [OK]
    test_prune_outbound_device_pokes1 ...                                  [OK]
    test_prune_outbound_device_pokes2 ...                                  [OK]
    test_send_device_updates ...                                           [OK]
    test_unreachable_server ...                                            [OK]
    test_upload_signatures ...                                             [OK]
  FederationSenderNotImplementedRegressionTests
    test_main_process_federation_ack_is_safe_noop ...                      [OK]
    test_remote_send_queue_notify_new_events_is_safe_noop ...              [OK]
  FederationSenderReceiptsTestCases
    test_send_receipts ...                                                 [OK]
    test_send_receipts_thread ...                                          [OK]
    test_send_receipts_with_backoff ...                                    [OK]
tests.federation.test_federation_server
  FederationServerTests
    test_bad_request_0 ...                                                 [OK]
    test_bad_request_1 ...                                                 [OK]
    test_bad_request_2 ...                                                 [OK]
  SendJoinFederationTests
    test_make_join_respects_room_join_rate_limit ...                       [OK]
    test_send_join ...                                                     [OK]
    test_send_join_contributes_to_room_join_rate_limit_and_is_limited ...  [OK]
    test_send_join_partial_state ...                                       [OK]
    test_send_join_partial_state_non_empty_auth_chain ...                  [OK]
  ServerACLsTestCase
    test_block_ip_literals ...                                             [OK]
    test_blocked_server ...                                                [OK]
    test_wildcard_matching ...                                             [OK]
  StateQueryTests
    test_needs_to_be_in_room ...                                           [OK]
    test_state_ids_requires_event_id ...                                   [OK]
tests.federation.transport.server.test__base
  BaseFederationAuthorizationTests
    test_authorization_header ...                                          [OK]
  BaseFederationServletCancellationTests
    test_cancellable_disconnect ...                                   [SKIPPED]
    test_uncancellable_disconnect ...                                 [SKIPPED]
tests.federation.transport.test_client
  SendJoinParserTestCase
    test_errors_closing_coroutines ...                                     [OK]
    test_partial_state ...                                                 [OK]
    test_servers_in_room ...                                               [OK]
    test_two_writes ...                                                    [OK]
tests.federation.transport.test_knocking
  FederationKnockingTestCase
    test_room_state_returned_when_knocking ...                             [OK]
tests.federation.transport.test_server
  RoomDirectoryFederationTests
    test_blocked_public_room_list_over_federation ...                      [OK]
    test_edu_debugging_doesnt_explode ...                                  [OK]
    test_open_public_room_list_over_federation ...                         [OK]

===============================================================================
[SKIPPED]
Requires Postgres

tests.handlers.test_presence.PresenceHandlerTestCase.test_external_process_timeout
tests.handlers.test_presence.PresenceHandlerTestCase.test_set_presence_from_non_syncing_multi_device_00_monolith
tests.handlers.test_presence.PresenceHandlerTestCase.test_set_presence_from_non_syncing_multi_device_01_monolith
tests.handlers.test_presence.PresenceHandlerTestCase.test_set_presence_from_non_syncing_multi_device_02_monolith
tests.handlers.test_presence.PresenceHandlerTestCase.test_set_presence_from_non_syncing_multi_device_03_monolith
tests.handlers.test_presence.PresenceHandlerTestCase.test_set_presence_from_non_syncing_multi_device_04_monolith
tests.handlers.test_presence.PresenceHandlerTestCase.test_set_presence_from_non_syncing_multi_device_05_monolith
tests.handlers.test_presence.PresenceHandlerTestCase.test_set_presence_from_non_syncing_multi_device_06_monolith
tests.handlers.test_presence.PresenceHandlerTestCase.test_set_presence_from_non_syncing_multi_device_07_monolith
tests.handlers.test_presence.PresenceHandlerTestCase.test_set_presence_from_non_syncing_multi_device_08_monolith
tests.handlers.test_presence.PresenceHandlerTestCase.test_set_presence_from_non_syncing_multi_device_09_monolith
tests.handlers.test_presence.PresenceHandlerTestCase.test_set_presence_from_non_syncing_multi_device_10_monolith
tests.handlers.test_presence.PresenceHandlerTestCase.test_set_presence_from_non_syncing_multi_device_11_monolith
tests.handlers.test_presence.PresenceHandlerTestCase.test_set_presence_from_non_syncing_multi_device_12_monolith
tests.handlers.test_presence.PresenceHandlerTestCase.test_set_presence_from_non_syncing_multi_device_13_monolith
tests.handlers.test_presence.PresenceHandlerTestCase.test_set_presence_from_non_syncing_multi_device_14_monolith
tests.handlers.test_presence.PresenceHandlerTestCase.test_set_presence_from_non_syncing_multi_device_15_monolith
tests.handlers.test_presence.PresenceHandlerTestCase.test_set_presence_from_non_syncing_multi_device_16_workers
tests.handlers.test_presence.PresenceHandlerTestCase.test_set_presence_from_non_syncing_multi_device_17_workers
tests.handlers.test_presence.PresenceHandlerTestCase.test_set_presence_from_non_syncing_multi_device_18_workers
tests.handlers.test_presence.PresenceHandlerTestCase.test_set_presence_from_non_syncing_multi_device_19_workers
tests.handlers.test_presence.PresenceHandlerTestCase.test_set_presence_from_non_syncing_multi_device_20_workers
tests.handlers.test_presence.PresenceHandlerTestCase.test_set_presence_from_non_syncing_multi_device_21_workers
tests.handlers.test_presence.PresenceHandlerTestCase.test_set_presence_from_non_syncing_multi_device_22_workers
tests.handlers.test_presence.PresenceHandlerTestCase.test_set_presence_from_non_syncing_multi_device_23_workers
tests.handlers.test_presence.PresenceHandlerTestCase.test_set_presence_from_non_syncing_multi_device_24_workers
tests.handlers.test_presence.PresenceHandlerTestCase.test_set_presence_from_non_syncing_multi_device_25_workers
tests.handlers.test_presence.PresenceHandlerTestCase.test_set_presence_from_non_syncing_multi_device_26_workers
tests.handlers.test_presence.PresenceHandlerTestCase.test_set_presence_from_non_syncing_multi_device_27_workers
tests.handlers.test_presence.PresenceHandlerTestCase.test_set_presence_from_non_syncing_multi_device_28_workers
tests.handlers.test_presence.PresenceHandlerTestCase.test_set_presence_from_non_syncing_multi_device_29_workers
tests.handlers.test_presence.PresenceHandlerTestCase.test_set_presence_from_non_syncing_multi_device_30_workers
tests.handlers.test_presence.PresenceHandlerTestCase.test_set_presence_from_non_syncing_multi_device_31_workers
tests.handlers.test_presence.PresenceHandlerTestCase.test_set_presence_from_syncing_is_set
tests.handlers.test_presence.PresenceHandlerTestCase.test_set_presence_from_syncing_keeps_busy_0
tests.handlers.test_presence.PresenceHandlerTestCase.test_set_presence_from_syncing_keeps_busy_1
tests.handlers.test_presence.PresenceHandlerTestCase.test_set_presence_from_syncing_keeps_status
tests.handlers.test_presence.PresenceHandlerTestCase.test_set_presence_from_syncing_multi_device_00_monolith
tests.handlers.test_presence.PresenceHandlerTestCase.test_set_presence_from_syncing_multi_device_01_monolith
tests.handlers.test_presence.PresenceHandlerTestCase.test_set_presence_from_syncing_multi_device_02_monolith
tests.handlers.test_presence.PresenceHandlerTestCase.test_set_presence_from_syncing_multi_device_03_monolith
tests.handlers.test_presence.PresenceHandlerTestCase.test_set_presence_from_syncing_multi_device_04_monolith
tests.handlers.test_presence.PresenceHandlerTestCase.test_set_presence_from_syncing_multi_device_05_monolith
tests.handlers.test_presence.PresenceHandlerTestCase.test_set_presence_from_syncing_multi_device_06_monolith
tests.handlers.test_presence.PresenceHandlerTestCase.test_set_presence_from_syncing_multi_device_07_monolith
tests.handlers.test_presence.PresenceHandlerTestCase.test_set_presence_from_syncing_multi_device_08_monolith
tests.handlers.test_presence.PresenceHandlerTestCase.test_set_presence_from_syncing_multi_device_09_monolith
tests.handlers.test_presence.PresenceHandlerTestCase.test_set_presence_from_syncing_multi_device_10_monolith
tests.handlers.test_presence.PresenceHandlerTestCase.test_set_presence_from_syncing_multi_device_11_monolith
tests.handlers.test_presence.PresenceHandlerTestCase.test_set_presence_from_syncing_multi_device_12_monolith
tests.handlers.test_presence.PresenceHandlerTestCase.test_set_presence_from_syncing_multi_device_13_monolith
tests.handlers.test_presence.PresenceHandlerTestCase.test_set_presence_from_syncing_multi_device_14_monolith
tests.handlers.test_presence.PresenceHandlerTestCase.test_set_presence_from_syncing_multi_device_15_monolith
tests.handlers.test_presence.PresenceHandlerTestCase.test_set_presence_from_syncing_multi_device_16_workers
tests.handlers.test_presence.PresenceHandlerTestCase.test_set_presence_from_syncing_multi_device_17_workers
tests.handlers.test_presence.PresenceHandlerTestCase.test_set_presence_from_syncing_multi_device_18_workers
tests.handlers.test_presence.PresenceHandlerTestCase.test_set_presence_from_syncing_multi_device_19_workers
tests.handlers.test_presence.PresenceHandlerTestCase.test_set_presence_from_syncing_multi_device_20_workers
tests.handlers.test_presence.PresenceHandlerTestCase.test_set_presence_from_syncing_multi_device_21_workers
tests.handlers.test_presence.PresenceHandlerTestCase.test_set_presence_from_syncing_multi_device_22_workers
tests.handlers.test_presence.PresenceHandlerTestCase.test_set_presence_from_syncing_multi_device_23_workers
tests.handlers.test_presence.PresenceHandlerTestCase.test_set_presence_from_syncing_multi_device_24_workers
tests.handlers.test_presence.PresenceHandlerTestCase.test_set_presence_from_syncing_multi_device_25_workers
tests.handlers.test_presence.PresenceHandlerTestCase.test_set_presence_from_syncing_multi_device_26_workers
tests.handlers.test_presence.PresenceHandlerTestCase.test_set_presence_from_syncing_multi_device_27_workers
tests.handlers.test_presence.PresenceHandlerTestCase.test_set_presence_from_syncing_multi_device_28_workers
tests.handlers.test_presence.PresenceHandlerTestCase.test_set_presence_from_syncing_multi_device_29_workers
tests.handlers.test_presence.PresenceHandlerTestCase.test_set_presence_from_syncing_multi_device_30_workers
tests.handlers.test_presence.PresenceHandlerTestCase.test_set_presence_from_syncing_multi_device_31_workers
tests.handlers.test_presence.PresenceHandlerTestCase.test_set_presence_from_syncing_not_set
tests.handlers.test_presence.PresenceHandlerTestCase.test_set_presence_with_status_msg_none
tests.handlers.test_presence.PresenceHandlerTestCase.test_untracked_does_not_idle
tests.handlers.test_presence.PresenceHandlerTestCase.test_user_goes_offline_by_timeout_status_msg_remain
tests.handlers.test_presence.PresenceHandlerTestCase.test_user_goes_offline_manually_with_no_status_msg
tests.handlers.test_presence.PresenceHandlerTestCase.test_user_goes_offline_manually_with_status_msg
tests.handlers.test_presence.PresenceHandlerTestCase.test_user_reset_online_with_no_status
tests.handlers.test_room_member.TestReplicatedJoinsLimitedByPerRoomRateLimiter.test_local_users_joining_on_another_worker_contribute_to_rate_limit
tests.handlers.test_worker_lock.WorkerLockWorkersTestCase.test_wait_for_lock_worker
===============================================================================
[SKIPPED]
Requires xmlsec1

tests.handlers.test_saml.SamlHandlerTestCase.test_attribute_requirements
tests.handlers.test_saml.SamlHandlerTestCase.test_map_saml_response_redirect
tests.handlers.test_saml.SamlHandlerTestCase.test_map_saml_response_to_existing_user
tests.handlers.test_saml.SamlHandlerTestCase.test_map_saml_response_to_invalid_localpart
tests.handlers.test_saml.SamlHandlerTestCase.test_map_saml_response_to_user
tests.handlers.test_saml.SamlHandlerTestCase.test_map_saml_response_to_user_retries
===============================================================================
[SKIPPED]
`BaseFederationServlet` does not support cancellation yet.

tests.federation.transport.server.test__base.BaseFederationServletCancellationTests.test_cancellable_disconnect
tests.federation.transport.server.test__base.BaseFederationServletCancellationTests.test_uncancellable_disconnect
-------------------------------------------------------------------------------
Ran 612 tests in 190.234s

PASSED (skips=86, successes=526)
___________________________________ summary ____________________________________
ERROR:   py37: InvocationError for command /workspace/Blackout_server/.tox/py37/bin/python -m pip install --exists-action w -e '/workspace/Blackout_server[all,test]' (exited with code 1)
ERROR:   py38: commands failed
ERROR:   py39: commands failed
  py310: commands succeeded
